双溪个别化教育课程（二）,,,,,,,,,,,,,,,,,,,,,,,,,
1感官知觉,,,,,,,,,,,,,,,,,,,,,,,,,
,,,,,,,,,,,,,,,,,,,,,,,,,
1.1    视觉的运用,,,,,,,,,,,,,,,,,,,,,,,,,
1.1.1  视觉敏锐度,,,,,,,,,,,,,,,,,,,,,,,,,
    0  盲或无视觉注意力,,,,,,,,,,,,,,,,,,,,,,,,,
    1  只能看到眼前约三十公分远之小物体,,,,,,,,,,,,,,,,,,,,,,,,,
    2  能看到眼前约一至二公尺远之小物体,,,,,,,,,,,,,,,,,,,,,,,,,
    3  能看到眼前约三公尺远之小物体,,,,,,,,,,,,,,,,,,,,,,,,,
1.1.2  视觉追视能力,,,,,,,,,,,,,,,,,,,,,,,,,
    0  盲或视觉注意力短暂,,,,,,,,,,,,,,,,,,,,,,,,,
    1  能注视物体五秒以上,,,,,,,,,,,,,,,,,,,,,,,,,
    2  能迫视视野内一个方向移动之物体,,,,,,,,,,,,,,,,,,,,,,,,,
    3  能追视视野内任何方向移动之物体,,,,,,,,,,,,,,,,,,,,,,,,,
1.1.3  视觉辩别能力,,,,,,,,,,,,,,,,,,,,,,,,,
    0  盲或无法表现其辨别能力,,,,,,,,,,,,,,,,,,,,,,,,,
    1  只能辨别少数特定物品,,,,,,,,,,,,,,,,,,,,,,,,,
    2  能以视觉辨别不同之物品,,,,,,,,,,,,,,,,,,,,,,,,,
    3  能以视觉辨别不同形状及颜色,,,,,,,,,,,,,,,,,,,,,,,,,
1.1.4  眼手协调能力,,,,,,,,,,,,,,,,,,,,,,,,,
0  盲或不看目标、无法对着目标工作,,,,,,,,,,,,,,,,,,,,,,,,,
1  能尝试对准目标工作，如尝试套杯但套不中,,,,,,,,,,,,,,,,,,,,,,,,,
    2  能对准目标工作，但准确度及敏捷度稍差，如套杯偶可成功,,,,,,,,,,,,,,,,,,,,,,,,,
    3  能对准目标敏捷地操作，如套杯经常成功,,,,,,,,,,,,,,,,,,,,,,,,,
1.1.5  形象背景区分能力,,,,,,,,,,,,,,,,,,,,,,,,,
    0  盲或无法表现形象背景之区分能力,,,,,,,,,,,,,,,,,,,,,,,,,
    1  能在一堆物品中找出指定物品,,,,,,,,,,,,,,,,,,,,,,,,,
    2  能在简单之背景中找出指定图形,,,,,,,,,,,,,,,,,,,,,,,,,
    3  能在复杂之背景中找出指定图形,,,,,,,,,,,,,,,,,,,,,,,,,
1.1.6  视觉记忆能力,,,,,,,,,,,,,,,,,,,,,,,,,
    0  盲或无法表现出对刚才看到物品之记忆能力,,,,,,,,,,,,,,,,,,,,,,,,,
    1  对少数特定之物品，能表现出记忆能力,,,,,,,,,,,,,,,,,,,,,,,,,
    2  能指出刚才看到之物品三种以上,,,,,,,,,,,,,,,,,,,,,,,,,
    3  能指出前一个活动看到之物品三种以上,,,,,,,,,,,,,,,,,,,,,,,,,
1.1.7  空向位置之知觉能力,,,,,,,,,,,,,,,,,,,,,,,,,
    0  盲或无法表现出对空间位置之能力,,,,,,,,,,,,,,,,,,,,,,,,,
    1  能分辨一至二种立体物之空间关系，如上下、里外,,,,,,,,,,,,,,,,,,,,,,,,,
    2  能分辨一至二种平面图形之空间关系，如上下、里外,,,,,,,,,,,,,,,,,,,,,,,,,
    3  能分辨各种空间位置之关系，如上下、左右、里外、斜正,,,,,,,,,,,,,,,,,,,,,,,,,
1.1.8  视动统整能力,,,,,,,,,,,,,,,,,,,,,,,,,
    0  盲或仅能涂鸦,,,,,,,,,,,,,,,,,,,,,,,,,
    1  能仿画线段,,,,,,,,,,,,,,,,,,,,,,,,,
    2  能仿画简单图形，如O   ＋,,,,,,,,,,,,,,,,,,,,,,,,,
    3  能仿写文字,,,,,,,,,,,,,,,,,,,,,,,,,
1.2    听觉的运用,,,,,,,,,,,,,,,,,,,,,,,,,
1.2.1  听觉敏锐度,,,,,,,,,,,,,,,,,,,,,,,,,
    0  聋或仅能注意周边之声音,,,,,,,,,,,,,,,,,,,,,,,,,
    1  仅能注意熟悉的或特定的声音,,,,,,,,,,,,,,,,,,,,,,,,,
    2  能注意周边约四十分贝以上的口语,,,,,,,,,,,,,,,,,,,,,,,,,
    3  能注意周边约四十分贝以下的口语,,,,,,,,,,,,,,,,,,,,,,,,,
1.2.2  听觉辨别能力,,,,,,,,,,,,,,,,,,,,,,,,,
    0  聋或无听觉注意力,,,,,,,,,,,,,,,,,,,,,,,,,
    1  仅能辨别熟悉的或特定的声音,,,,,,,,,,,,,,,,,,,,,,,,,
    2  能听从简单的口语命令,,,,,,,,,,,,,,,,,,,,,,,,,
    3  能分辨二种类似的声音或口语,,,,,,,,,,,,,,,,,,,,,,,,,
1.2.3  听觉记忆能力,,,,,,,,,,,,,,,,,,,,,,,,,
    0  聋或无法表现听觉记忆能力,,,,,,,,,,,,,,,,,,,,,,,,,
1  仅能对少数特定声音表现出记忆能力,,,,,,,,,,,,,,,,,,,,,,,,,
2  能实行刚才听到之命令,,,,,,,,,,,,,,,,,,,,,,,,,
3  能实行上一活动预定之命令,,,,,,,,,,,,,,,,,,,,,,,,,
1.2.4  听觉顺序能力,,,,,,,,,,,,,,,,,,,,,,,,,
0  聋或任意反应,,,,,,,,,,,,,,,,,,,,,,,,,
1  仅对特定少数声音之顺序，表现出记忆能力,,,,,,,,,,,,,,,,,,,,,,,,,
2  能依序反应刚才听到之二个命令,,,,,,,,,,,,,,,,,,,,,,,,,
3  能依序反应刚才听到之三个命令,,,,,,,,,,,,,,,,,,,,,,,,,
1.3    触觉的运用,,,,,,,,,,,,,,,,,,,,,,,,,
1.3.1  触觉敏锐度,,,,,,,,,,,,,,,,,,,,,,,,,
0  对触觉防卫过高或过低（如对疼痛极度反应或不反应）,,,,,,,,,,,,,,,,,,,,,,,,,
1  仅对较强的触觉刺激有反应,,,,,,,,,,,,,,,,,,,,,,,,,
2  能对触觉刺激适当反应（如察看被碰触之部位）,,,,,,,,,,,,,,,,,,,,,,,,,
3  能以触觉探索物体,,,,,,,,,,,,,,,,,,,,,,,,,
1.3.2  触觉辨别,,,,,,,,,,,,,,,,,,,,,,,,,
0  无法表现出对冷热干湿的反应,,,,,,,,,,,,,,,,,,,,,,,,,
1  能表现出对冷热干湿的感觉,,,,,,,,,,,,,,,,,,,,,,,,,
2  能以手部触觉分辨差异性大的物品,,,,,,,,,,,,,,,,,,,,,,,,,
3  能以手指触觉分辨各种物品,,,,,,,,,,,,,,,,,,,,,,,,,
1.3.3  触觉记忆能力,,,,,,,,,,,,,,,,,,,,,,,,,
0  无法表现出对触觉之记忆,,,,,,,,,,,,,,,,,,,,,,,,,
1  仅能对少数特定触觉刺激，表现出记忆能力,,,,,,,,,,,,,,,,,,,,,,,,,
2  能指出刚才摸到的物品,,,,,,,,,,,,,,,,,,,,,,,,,
3  能指出前一个活动摸到的物品,,,,,,,,,,,,,,,,,,,,,,,,,
1.4    味觉的运用,,,,,,,,,,,,,,,,,,,,,,,,,
1.4.1  味觉敏锐度,,,,,,,,,,,,,,,,,,,,,,,,,
0  对味觉刺激表现过度之喜恶或毫无感觉,,,,,,,,,,,,,,,,,,,,,,,,,
1  对强烈或特别的味道才有反应,,,,,,,,,,,,,,,,,,,,,,,,,
2  对一般味道能有适当之喜恶反应,,,,,,,,,,,,,,,,,,,,,,,,,
3  肯尝试各种味道的食物,,,,,,,,,,,,,,,,,,,,,,,,,
1.4.2   味觉分辨能力,,,,,,,,,,,,,,,,,,,,,,,,,
0  无法表现出对食物之接受程度,,,,,,,,,,,,,,,,,,,,,,,,,
1  当吃到食物时，会表现出对食物之接受程度,,,,,,,,,,,,,,,,,,,,,,,,,
    2  能指出甜、咸、苦、酸等味道,,,,,,,,,,,,,,,,,,,,,,,,,
    3  能以味觉分辨出食物之种类,,,,,,,,,,,,,,,,,,,,,,,,,
1.4.3  味觉记忆能力,,,,,,,,,,,,,,,,,,,,,,,,,
    0  无法表现出对味觉之记忆能力,,,,,,,,,,,,,,,,,,,,,,,,,
    1  当看到曾吃过的食物时，会决定吃或不吃,,,,,,,,,,,,,,,,,,,,,,,,,
    2  能指出刚才吃到的食物’,,,,,,,,,,,,,,,,,,,,,,,,,
    3  能指出前一个活动吃到的食品,,,,,,,,,,,,,,,,,,,,,,,,,
1.5    嗅觉的运用,,,,,,,,,,,,,,,,,,,,,,,,,
1.5.1  嗅觉敏锐度,,,,,,,,,,,,,,,,,,,,,,,,,
    0  对嗅觉刺激表现过度之反应或毫无感觉,,,,,,,,,,,,,,,,,,,,,,,,,
    1  对强烈或特定之气味才能有反应,,,,,,,,,,,,,,,,,,,,,,,,,
    2  对于一般气味有适当反应（如察看来源）,,,,,,,,,,,,,,,,,,,,,,,,,
    3  肯尝试闻各种气味,,,,,,,,,,,,,,,,,,,,,,,,,
1.5.2  嗅觉分辨能力,,,,,,,,,,,,,,,,,,,,,,,,,
    0  无法表现出对气味之分辨能力,,,,,,,,,,,,,,,,,,,,,,,,,
    1  对少数特定气味能表现出分辨能力,,,,,,,,,,,,,,,,,,,,,,,,,
    2  闻到气味时，能分辨其香臭,,,,,,,,,,,,,,,,,,,,,,,,,
    3  能以气味分辨物体,,,,,,,,,,,,,,,,,,,,,,,,,
1.5.3  嗅觉记忆能力,,,,,,,,,,,,,,,,,,,,,,,,,
    0  无法表现出对气味之记忆能力,,,,,,,,,,,,,,,,,,,,,,,,,
    1  看到密封的物体，能因以前的嗅觉经验表现出喜恶之态度,,,,,,,,,,,,,,,,,,,,,,,,,
    2  能指出刚才嗅到之物品,,,,,,,,,,,,,,,,,,,,,,,,,
3  能指出前一个活动嗅到之物品,,,,,,,,,,,,,,,,,,,,,,,,,
2粗大动作,,,,,,,,,,,,,,,,,,,,,,,,,
2.1    姿势控制,,,,,,,,,,,,,,,,,,,,,,,,,
2.1.1  头部控制,,,,,,,,,,,,,,,,,,,,,,,,,
    0  当坐着时，头部需完全支撑，才能维持在身体正中位置,,,,,,,,,,,,,,,,,,,,,,,,,
    1  将其头部摆正后，可维持在正中位置,,,,,,,,,,,,,,,,,,,,,,,,,
    2  可自行控制头部，但在变换姿势时，动作稍有困难,,,,,,,,,,,,,,,,,,,,,,,,,
    3  头部能自由转动，且当变换姿势时，能随时保持平衡,,,,,,,,,,,,,,,,,,,,,,,,,
2.1.2  坐姿控制,,,,,,,,,,,,,,,,,,,,,,,,,
    0  需完全支撑（腰及背部）才能坐着,,,,,,,,,,,,,,,,,,,,,,,,,
    1  需用自己双手撑地，或坐有靠背的椅子，才能维持坐姿,,,,,,,,,,,,,,,,,,,,,,,,,
    2  能自己坐地上，或无靠背的椅子上,,,,,,,,,,,,,,,,,,,,,,,,,
    3  坐着时能自由转动身体,,,,,,,,,,,,,,,,,,,,,,,,,
2.1.3  站姿控制,,,,,,,,,,,,,,,,,,,,,,,,,
    0  需完全支撑（腰及膝部）才能站着,,,,,,,,,,,,,,,,,,,,,,,,,
    1  可自己扶物站一会儿,,,,,,,,,,,,,,,,,,,,,,,,,
    2  可自己站一会儿,,,,,,,,,,,,,,,,,,,,,,,,,
    3  站着时可自由转动身体，并且站10分钟左右,,,,,,,,,,,,,,,,,,,,,,,,,
2.1.4  跪姿控制,,,,,,,,,,,,,,,,,,,,,,,,,
    0  需完全支撑（腰及胸部）才能跪着,,,,,,,,,,,,,,,,,,,,,,,,,
    1  可自己扶物跪一会儿,,,,,,,,,,,,,,,,,,,,,,,,,
    2  可自己跪一会儿,,,,,,,,,,,,,,,,,,,,,,,,,
    3  跪着时可自由转动身体,,,,,,,,,,,,,,,,,,,,,,,,,
2.1.5  蹲姿控制,,,,,,,,,,,,,,,,,,,,,,,,,
    0  需完全支撑（膝及背部）才能蹲着,,,,,,,,,,,,,,,,,,,,,,,,,
    1  可自己扶物蹲一会儿,,,,,,,,,,,,,,,,,,,,,,,,,
    2  可自己蹲一会儿,,,,,,,,,,,,,,,,,,,,,,,,,
    3  蹲着时可自由转动身体,,,,,,,,,,,,,,,,,,,,,,,,,
2.2    移动力,,,,,,,,,,,,,,,,,,,,,,,,,
2.2.1  翻滚,,,,,,,,,,,,,,,,,,,,,,,,,
    0  无法自己翻滚,,,,,,,,,,,,,,,,,,,,,,,,,
1  能左右侧翻,,,,,,,,,,,,,,,,,,,,,,,,,
2  能自己由俯卧翻成仰卧，或卧翻成俯卧,,,,,,,,,,,,,,,,,,,,,,,,,
3  能自己连续翻身,,,,,,,,,,,,,,,,,,,,,,,,,
2.2.2  爬行,,,,,,,,,,,,,,,,,,,,,,,,,
0  无法维持双手双膝着地姿势,,,,,,,,,,,,,,,,,,,,,,,,,
1  能以腹部匍匐前进,,,,,,,,,,,,,,,,,,,,,,,,,
2  能以双手双膝撑地，维持平衡,,,,,,,,,,,,,,,,,,,,,,,,,
3  能自己爬行,,,,,,,,,,,,,,,,,,,,,,,,,
2.2.3  跪行,,,,,,,,,,,,,,,,,,,,,,,,,
0  无法维持高跪姿势之平衡,,,,,,,,,,,,,,,,,,,,,,,,,
1  可扶物以高跪姿势前进数步,,,,,,,,,,,,,,,,,,,,,,,,,
 2  以双手撑地跪跳方式前进,,,,,,,,,,,,,,,,,,,,,,,,,
3  会自己以高跪姿势交换双膝前进,,,,,,,,,,,,,,,,,,,,,,,,,
2.2.4  臀行,,,,,,,,,,,,,,,,,,,,,,,,,
0  无法维持坐姿之平衡,,,,,,,,,,,,,,,,,,,,,,,,,
1  坐姿时能以臀部挪动向前，或后退一步,,,,,,,,,,,,,,,,,,,,,,,,,
2  坐姿时能以臀部挪动向前，或后退数步,,,,,,,,,,,,,,,,,,,,,,,,,
3  坐姿时能以挪动臀部达到目的地,,,,,,,,,,,,,,,,,,,,,,,,,
2.2.5  行走,,,,,,,,,,,,,,,,,,,,,,,,,
0  无法独自站立或维持平衡,,,,,,,,,,,,,,,,,,,,,,,,,
1  可扶物行走几步,,,,,,,,,,,,,,,,,,,,,,,,,
2  可自己向前走几步,,,,,,,,,,,,,,,,,,,,,,,,,
3  可自己行走，并自由转弯,,,,,,,,,,,,,,,,,,,,,,,,,
2.2.6  上下楼梯,,,,,,,,,,,,,,,,,,,,,,,,,
0  无法抬高脚跨上阶梯,,,,,,,,,,,,,,,,,,,,,,,,,
1  可扶梯上下一个阶梯,,,,,,,,,,,,,,,,,,,,,,,,,
2  可自己上下数个阶梯,,,,,,,,,,,,,,,,,,,,,,,,,
3  可自己安全上下阶梯,,,,,,,,,,,,,,,,,,,,,,,,,
2.2.7  跑步,,,,,,,,,,,,,,,,,,,,,,,,,
0  即使带着他亦无法走快,,,,,,,,,,,,,,,,,,,,,,,,,
1  能由别人拉着快步走，上身僵直,,,,,,,,,,,,,,,,,,,,,,,,,
2  能上身微弯跑几步,,,,,,,,,,,,,,,,,,,,,,,,,
3  能以正确姿势跑十公尺以上,,,,,,,,,,,,,,,,,,,,,,,,,
2.2.7  跳,,,,,,,,,,,,,,,,,,,,,,,,,
0  即使抱他一起跳，亦无跳的动作,,,,,,,,,,,,,,,,,,,,,,,,,
1  有屈膝欲跳的动作，但无法弹起,,,,,,,,,,,,,,,,,,,,,,,,,
2  会自己跳约十公分高,,,,,,,,,,,,,,,,,,,,,,,,,
3  会自己双脚并拢，自矮平台跳下,,,,,,,,,,,,,,,,,,,,,,,,,
2.3    运动与游戏技能,,,,,,,,,,,,,,,,,,,,,,,,,
2.3.1  球类运动,,,,,,,,,,,,,,,,,,,,,,,,,
0  不会拿球、丢球、滚球,,,,,,,,,,,,,,,,,,,,,,,,,
1  任意（无目标地）丢球、滚球,,,,,,,,,,,,,,,,,,,,,,,,,
2  有目标地丢球、滚球、接球（不一定准确）,,,,,,,,,,,,,,,,,,,,,,,,,
3  准确地丢球、接球、投球,,,,,,,,,,,,,,,,,,,,,,,,,
2.3.2  垫上运动（翻滚、爬行、姿势模仿等）,,,,,,,,,,,,,,,,,,,,,,,,,
0  只能做被动的垫上运动,,,,,,,,,,,,,,,,,,,,,,,,,
1  能在协助下配合垫上运动,,,,,,,,,,,,,,,,,,,,,,,,,
 2  能模仿做部份垫上运动,,,,,,,,,,,,,,,,,,,,,,,,,
3  能模仿做各种垫上运动,,,,,,,,,,,,,,,,,,,,,,,,,
2.3.3  游乐器材,,,,,,,,,,,,,,,,,,,,,,,,,
0  由别人抱着才能玩游乐器材,,,,,,,,,,,,,,,,,,,,,,,,,
1  在协助下玩几种游乐器材,,,,,,,,,,,,,,,,,,,,,,,,,
2  能自己玩少数几种游乐器材,,,,,,,,,,,,,,,,,,,,,,,,,
3  能自己安全地玩大多数游乐器材,,,,,,,,,,,,,,,,,,,,,,,,,
2.3.4  绳类游戏,,,,,,,,,,,,,,,,,,,,,,,,,
0  不会拉绳子,,,,,,,,,,,,,,,,,,,,,,,,,
1  在协助下参与简单绳类游戏,,,,,,,,,,,,,,,,,,,,,,,,,
2  能玩拉绳子、甩动绳子等简单游戏,,,,,,,,,,,,,,,,,,,,,,,,,
3  能玩跳绳、跳高等简单绳类游戏,,,,,,,,,,,,,,,,,,,,,,,,,
2.3.5  轮胎类游戏,,,,,,,,,,,,,,,,,,,,,,,,,
0  无法站在轮胎上，或无法扶稳轮胎,,,,,,,,,,,,,,,,,,,,,,,,,
1  在协助下可在轮胎上走过,,,,,,,,,,,,,,,,,,,,,,,,,
2  可玩简单轮胎游戏，如滚出轮胎,,,,,,,,,,,,,,,,,,,,,,,,,
3  可玩滚轮胎及跨轮胎接力游戏,,,,,,,,,,,,,,,,,,,,,,,,,
2.3.6  投掷类游戏,,,,,,,,,,,,,,,,,,,,,,,,,
0  即使协助亦无法投掷,,,,,,,,,,,,,,,,,,,,,,,,,
1  只能对准目标摆放，或漫无目标地投掷,,,,,,,,,,,,,,,,,,,,,,,,,
2  会对着目标投掷，但准确度约十分之一,,,,,,,,,,,,,,,,,,,,,,,,,
3  会对着目标投郑，但准确度约三分之一,,,,,,,,,,,,,,,,,,,,,,,,,
2.3.7  循环体能,,,,,,,,,,,,,,,,,,,,,,,,,
0  完全被动地在各种器材间循环前进,,,,,,,,,,,,,,,,,,,,,,,,,
1  在协助下可在各种器材间循环前进,,,,,,,,,,,,,,,,,,,,,,,,,
2  可跟着示范者循环前进,,,,,,,,,,,,,,,,,,,,,,,,,
3  可自己在各种器材间循环前进,,,,,,,,,,,,,,,,,,,,,,,,,
2.3.8  大道具游戏（如气球伞、舞狮、抬轿……）,,,,,,,,,,,,,,,,,,,,,,,,,
0  无法抓握气球伞,,,,,,,,,,,,,,,,,,,,,,,,,
1  只能抓着大道具任意动,,,,,,,,,,,,,,,,,,,,,,,,,
2  会配合别人动作或命令操作大道具,,,,,,,,,,,,,,,,,,,,,,,,,
3  会抓着大道具行进、后退、跑步……等有计划地操作,,,,,,,,,,,,,,,,,,,,,,,,,
2.3.9  体操,,,,,,,,,,,,,,,,,,,,,,,,,
 0  只能被动地做体操动作,,,,,,,,,,,,,,,,,,,,,,,,,
1  在协助下作体操动作,,,,,,,,,,,,,,,,,,,,,,,,,
2  能模仿做体操动作,,,,,,,,,,,,,,,,,,,,,,,,,
3  能自己做体操动作,,,,,,,,,,,,,,,,,,,,,,,,,
2.3.10 溜冰,,,,,,,,,,,,,,,,,,,,,,,,,
0  无法穿溜冰鞋站立,,,,,,,,,,,,,,,,,,,,,,,,,
1  在扶持下向前溜几步,,,,,,,,,,,,,,,,,,,,,,,,,
2  自己向前溜几步,,,,,,,,,,,,,,,,,,,,,,,,,
3  自己向前溜，并且会自己停止,,,,,,,,,,,,,,,,,,,,,,,,,
2.3.11 游泳,,,,,,,,,,,,,,,,,,,,,,,,,
0  不敢下水或不知水之危险,,,,,,,,,,,,,,,,,,,,,,,,,
1  在协助下漂浮或水中站立,,,,,,,,,,,,,,,,,,,,,,,,,
2  自己在水面漂浮及水中站立,,,,,,,,,,,,,,,,,,,,,,,,,
3  自己安全地游两三公尺,,,,,,,,,,,,,,,,,,,,,,,,,
2.3.12 其他游戏,,,,,,,,,,,,,,,,,,,,,,,,,
0  无法参与游戏,,,,,,,,,,,,,,,,,,,,,,,,,
1  在协助下玩有规则之游戏,,,,,,,,,,,,,,,,,,,,,,,,,
2  在提示下玩有规则之游戏,,,,,,,,,,,,,,,,,,,,,,,,,
 3  主动遵守游戏规则,,,,,,,,,,,,,,,,,,,,,,,,,
3精细动作,,,,,,,,,,,,,,,,,,,,,,,,,
3.1    抓放能力,,,,,,,,,,,,,,,,,,,,,,,,,
3.1.2  拇指与食指捡取小物体,,,,,,,,,,,,,,,,,,,,,,,,,
0  无法抓握物体,,,,,,,,,,,,,,,,,,,,,,,,,
1  以整个手掌抓握物体,,,,,,,,,,,,,,,,,,,,,,,,,
2  以后三指抓握物体,,,,,,,,,,,,,,,,,,,,,,,,,
3  以拇指、食指捡取小物体,,,,,,,,,,,,,,,,,,,,,,,,,
3.1.2  释放物品,,,,,,,,,,,,,,,,,,,,,,,,,
0  紧握物品不放,,,,,,,,,,,,,,,,,,,,,,,,,
1  拍打他手背才会释放手中物品,,,,,,,,,,,,,,,,,,,,,,,,,
2  任意释放手中物品,,,,,,,,,,,,,,,,,,,,,,,,,
3  将手中物品释放在指定位置,,,,,,,,,,,,,,,,,,,,,,,,,
3.1.3  腕部旋转,,,,,,,,,,,,,,,,,,,,,,,,,
0  完全被动地旋转腕部,,,,,,,,,,,,,,,,,,,,,,,,,
1  上下或左右摇动腕部,,,,,,,,,,,,,,,,,,,,,,,,,
2  可旋转腕部一下,,,,,,,,,,,,,,,,,,,,,,,,,
3  可连续旋转腕部,,,,,,,,,,,,,,,,,,,,,,,,,
3.1.4  双手协调,,,,,,,,,,,,,,,,,,,,,,,,,
0  大多为单手操作，即使协助他，亦不配合双手操作,,,,,,,,,,,,,,,,,,,,,,,,,
1  在协助下可双手协调操作,,,,,,,,,,,,,,,,,,,,,,,,,
2  在提示下可双手协调操作，但动作较笨拙或用力不当,,,,,,,,,,,,,,,,,,,,,,,,,
3  大多可主动双手协调操作，且用力适当,,,,,,,,,,,,,,,,,,,,,,,,,
3.2    作业能力,,,,,,,,,,,,,,,,,,,,,,,,,
3.2.1  堆叠能力,,,,,,,,,,,,,,,,,,,,,,,,,
0  即使协助他堆叠物品亦不配合,,,,,,,,,,,,,,,,,,,,,,,,,
1  在协助下可堆叠数个方块物品,,,,,,,,,,,,,,,,,,,,,,,,,
2  可自己堆叠二至三个方块物品,,,,,,,,,,,,,,,,,,,,,,,,,
3  可堆叠六个以上方块物品,,,,,,,,,,,,,,,,,,,,,,,,,
3.2.2  嵌塞能力,,,,,,,,,,,,,,,,,,,,,,,,,
0  不会嵌放任何物品,,,,,,,,,,,,,,,,,,,,,,,,,
1  会将物品任意塞放到任何容器或塞口,,,,,,,,,,,,,,,,,,,,,,,,,
 2  会嵌塞二至三种物品到相对之塞口,,,,,,,,,,,,,,,,,,,,,,,,,
3  会嵌塞四至五种物品到相对之塞口,,,,,,,,,,,,,,,,,,,,,,,,,
3.2.3  顺序工作能力,,,,,,,,,,,,,,,,,,,,,,,,,
0  任意工作毫无顺序，即使协助他亦不配合,,,,,,,,,,,,,,,,,,,,,,,,,
1  在协助或提示下可依顺序工作,,,,,,,,,,,,,,,,,,,,,,,,,
2  可依上下或左右之简单顺序工作,,,,,,,,,,,,,,,,,,,,,,,,,
3  可依上下左右之顺序工作,,,,,,,,,,,,,,,,,,,,,,,,,
3.2.4  顺序套物能力,,,,,,,,,,,,,,,,,,,,,,,,,
0  以任意顺序套叠物品,,,,,,,,,,,,,,,,,,,,,,,,,
1  在协助或提示下，可依顺序套叠物品,,,,,,,,,,,,,,,,,,,,,,,,,
2  可依顺序套叠三种大小的物品,,,,,,,,,,,,,,,,,,,,,,,,,
3  可依顺序套叠各种大小的物品,,,,,,,,,,,,,,,,,,,,,,,,,
3.3    工具使用,,,,,,,,,,,,,,,,,,,,,,,,,
3.3.1  开关容器,,,,,,,,,,,,,,,,,,,,,,,,,
0  不会掀开容器盖子,,,,,,,,,,,,,,,,,,,,,,,,,
1  会掀开及关上容器盖子,,,,,,,,,,,,,,,,,,,,,,,,,
2  会开关二至四种容器,,,,,,,,,,,,,,,,,,,,,,,,,
3  会开关各种常见容器之盖子,,,,,,,,,,,,,,,,,,,,,,,,,
3.3.2  使用文具,,,,,,,,,,,,,,,,,,,,,,,,,
0  不会依正确之用途使用任一种文具,,,,,,,,,,,,,,,,,,,,,,,,,
1  会正确使用一种文具,,,,,,,,,,,,,,,,,,,,,,,,,
2  会正确使用二至四种文具,,,,,,,,,,,,,,,,,,,,,,,,,
3  会正确使用多种文具,,,,,,,,,,,,,,,,,,,,,,,,,
3.3.3  仿画线条,,,,,,,,,,,,,,,,,,,,,,,,,
0  无法握笔,,,,,,,,,,,,,,,,,,,,,,,,,
1  能在协助下画直线、横线,,,,,,,,,,,,,,,,,,,,,,,,,
2  能在提示下仿画直线、横线,,,,,,,,,,,,,,,,,,,,,,,,,
3  能自己仿画直线、横线,,,,,,,,,,,,,,,,,,,,,,,,,
3.3.4  粘土类造形,,,,,,,,,,,,,,,,,,,,,,,,,
0  无法拿或排拆粘土类物品,,,,,,,,,,,,,,,,,,,,,,,,,
1  能任意切割或搓揉粘土类物品,,,,,,,,,,,,,,,,,,,,,,,,,
2  能模仿搓粘土成条形及球形,,,,,,,,,,,,,,,,,,,,,,,,,
3  能模仿简单粘土类造形,,,,,,,,,,,,,,,,,,,,,,,,,
3.3.5  摺纸,,,,,,,,,,,,,,,,,,,,,,,,,
0  无法拿纸或任意甩动、揉捏纸张,,,,,,,,,,,,,,,,,,,,,,,,,
1  能在协助下配合将纸张对摺,,,,,,,,,,,,,,,,,,,,,,,,,
2  会模仿对摺纸张,,,,,,,,,,,,,,,,,,,,,,,,,
3  会模仿简单摺纸造形,,,,,,,,,,,,,,,,,,,,,,,,,
3.3.6  使用剪刀,,,,,,,,,,,,,,,,,,,,,,,,,
0  不会拿剪刀,,,,,,,,,,,,,,,,,,,,,,,,,
1  在协助下剪断纸条,,,,,,,,,,,,,,,,,,,,,,,,,
2  自己剪断纸条,,,,,,,,,,,,,,,,,,,,,,,,,
3  会依纸上直线剪,,,,,,,,,,,,,,,,,,,,,,,,,
4生活自理,,,,,,,,,,,,,,,,,,,,,,,,,
4.1    饮食,,,,,,,,,,,,,,,,,,,,,,,,,
4.1.1  咀嚼和吞咽,,,,,,,,,,,,,,,,,,,,,,,,,
0  以流体为主食,,,,,,,,,,,,,,,,,,,,,,,,,
1  能吃半固体食物,,,,,,,,,,,,,,,,,,,,,,,,,
2  能咀嚼及吞咽常见之固体食物,,,,,,,,,,,,,,,,,,,,,,,,,
3  能咀嚼及吞咽各种固体、轫性食物,,,,,,,,,,,,,,,,,,,,,,,,,
4.1.2  拿食物吃,,,,,,,,,,,,,,,,,,,,,,,,,
0  需喂食,,,,,,,,,,,,,,,,,,,,,,,,,
1  在协助下会用手拿着食物吃,,,,,,,,,,,,,,,,,,,,,,,,,
2  将食物放他手中会自己握着吃,,,,,,,,,,,,,,,,,,,,,,,,,
3  会自己伸手抓起食物来吃,,,,,,,,,,,,,,,,,,,,,,,,,
4.1.3  喝饮料,,,,,,,,,,,,,,,,,,,,,,,,,
0  需由奶瓶喝饮料,,,,,,,,,,,,,,,,,,,,,,,,,
1  在协助下会喝杯子中之饮料,,,,,,,,,,,,,,,,,,,,,,,,,
2  会自己拿着杯子喝饮料，偶会溢出,,,,,,,,,,,,,,,,,,,,,,,,,
3  会自己拿着杯子喝饮料，不会溢出,,,,,,,,,,,,,,,,,,,,,,,,,
4.1.4  用餐具取食,,,,,,,,,,,,,,,,,,,,,,,,,
0  需喂食,,,,,,,,,,,,,,,,,,,,,,,,,
1  能在协助下用汤匙或叉子取食,,,,,,,,,,,,,,,,,,,,,,,,,
2  能自己用汤匙或叉子取食,,,,,,,,,,,,,,,,,,,,,,,,,
3  能自己用筷子取食,,,,,,,,,,,,,,,,,,,,,,,,,
4.1.5  饭前准备及饭后收拾,,,,,,,,,,,,,,,,,,,,,,,,,
0  需为他做饭前准备及饭后收拾,,,,,,,,,,,,,,,,,,,,,,,,,
1  能在提示下进行部份饭前准备及饭后收拾,,,,,,,,,,,,,,,,,,,,,,,,,
2  能在提示下进行所有饭前准备及饭后收拾,,,,,,,,,,,,,,,,,,,,,,,,,
3  能主动进行所有饭前准备及饭后收拾,,,,,,,,,,,,,,,,,,,,,,,,,
4.1.6  用餐习惯,,,,,,,,,,,,,,,,,,,,,,,,,
0  须喂食或无法遵守适当用餐礼仪,,,,,,,,,,,,,,,,,,,,,,,,,
1  在协助下能有适当用餐习惯,,,,,,,,,,,,,,,,,,,,,,,,,
2  在提示下能有适当用餐习惯,,,,,,,,,,,,,,,,,,,,,,,,,
3  能主动有适当用餐习惯,,,,,,,,,,,,,,,,,,,,,,,,,
4.2    穿着,,,,,,,,,,,,,,,,,,,,,,,,,
4.2.1  穿脱鞋子,,,,,,,,,,,,,,,,,,,,,,,,,
0  需替他穿脱鞋子,,,,,,,,,,,,,,,,,,,,,,,,,
1  能在协助下穿脱简便鞋子（无鞋带、鞋扣）,,,,,,,,,,,,,,,,,,,,,,,,,
2  能自己穿脱简便鞋子,,,,,,,,,,,,,,,,,,,,,,,,,
3  能自己穿脱各种鞋子,,,,,,,,,,,,,,,,,,,,,,,,,
4.2.2  穿脱裤子,,,,,,,,,,,,,,,,,,,,,,,,,
0  需替他穿脱裤子,,,,,,,,,,,,,,,,,,,,,,,,,
1  能在协助下穿脱简便裤子（无拉链、扣子）,,,,,,,,,,,,,,,,,,,,,,,,,
2  能自己穿脱简便裤子,,,,,,,,,,,,,,,,,,,,,,,,,
3  能自己穿脱各种裤子,,,,,,,,,,,,,,,,,,,,,,,,,
4.2.3  穿脱衣服,,,,,,,,,,,,,,,,,,,,,,,,,
0  需替他穿脱衣服,,,,,,,,,,,,,,,,,,,,,,,,,
1  能在协助下穿脱简便衣服（无拉链、扣子）,,,,,,,,,,,,,,,,,,,,,,,,,
2  能自己穿脱简便衣服,,,,,,,,,,,,,,,,,,,,,,,,,
3  能自己穿脱各种衣服,,,,,,,,,,,,,,,,,,,,,,,,,
4.2.4  穿戴衣饰配件（如手表、皮带、帽子、袜子、手套……）,,,,,,,,,,,,,,,,,,,,,,,,,
0  不会穿戴任何衣饰配件,,,,,,,,,,,,,,,,,,,,,,,,,
1  能在协助下穿戴一至二种衣饰配件,,,,,,,,,,,,,,,,,,,,,,,,,
2  能自己穿戴二至三种衣饰配件,,,,,,,,,,,,,,,,,,,,,,,,,
3  能自己穿戴四种以上衣饰配件,,,,,,,,,,,,,,,,,,,,,,,,,
4.2.5  使用雨具,,,,,,,,,,,,,,,,,,,,,,,,,
0  需替他打伞或穿戴雨衣、雨鞋,,,,,,,,,,,,,,,,,,,,,,,,,
1  能在协助下使用雨伞或雨衣、雨鞋,,,,,,,,,,,,,,,,,,,,,,,,,
2  会自己使用雨伞或雨衣,,,,,,,,,,,,,,,,,,,,,,,,,
3  会自己使用雨伞、雨衣、雨鞋等雨具,,,,,,,,,,,,,,,,,,,,,,,,,
4.2.6  依天气、场合及需要适当穿着,,,,,,,,,,,,,,,,,,,,,,,,,
0  完全由别人为他决定穿着,,,,,,,,,,,,,,,,,,,,,,,,,
1  只挑选自己喜欢的穿着或任意穿着,,,,,,,,,,,,,,,,,,,,,,,,,
2  对于例行之场合或天候会适当穿着,,,,,,,,,,,,,,,,,,,,,,,,,
3  能自己依天气、气候、需要及美观等决定穿着,,,,,,,,,,,,,,,,,,,,,,,,,
4.3    如厕,,,,,,,,,,,,,,,,,,,,,,,,,
4.3.1  小便,,,,,,,,,,,,,,,,,,,,,,,,,
0  包尿布或经常尿湿,,,,,,,,,,,,,,,,,,,,,,,,,
1  会在协助下到厕所小便或很少尿湿，,,,,,,,,,,,,,,,,,,,,,,,,,
2  会表示要小便或在提示下到厕所小便,,,,,,,,,,,,,,,,,,,,,,,,,
3  会自己到厕所小便,,,,,,,,,,,,,,,,,,,,,,,,,
4.3.2  大便,,,,,,,,,,,,,,,,,,,,,,,,,
0  包尿布或经常大便在身上,,,,,,,,,,,,,,,,,,,,,,,,,
1  会在协助下到厕所大便或很少大便在身上,,,,,,,,,,,,,,,,,,,,,,,,,
2  会表示大便之意愿在提示下到厕所大便,,,,,,,,,,,,,,,,,,,,,,,,,
3  会自己到厕所大便并会擦干净,,,,,,,,,,,,,,,,,,,,,,,,,
4.4    身体之清洁,,,,,,,,,,,,,,,,,,,,,,,,,
4.4.1  洗手,,,,,,,,,,,,,,,,,,,,,,,,,
0  需为他洗手或擦手,,,,,,,,,,,,,,,,,,,,,,,,,
1  会自己搓手或察手,,,,,,,,,,,,,,,,,,,,,,,,,
2  在监督、提示下会自己洗手,,,,,,,,,,,,,,,,,,,,,,,,,
3  会自己洗手不会弄湿衣服或袖子,,,,,,,,,,,,,,,,,,,,,,,,,
4.4.2  洗脸,,,,,,,,,,,,,,,,,,,,,,,,,
0  需为他洗脸或擦脸,,,,,,,,,,,,,,,,,,,,,,,,,
1  会自己擦一下脸或嘴巴,,,,,,,,,,,,,,,,,,,,,,,,,
2  在监督、提示下会自己洗脸,,,,,,,,,,,,,,,,,,,,,,,,,
3  会自己洗脸不会弄湿衣服或袖子,,,,,,,,,,,,,,,,,,,,,,,,,
4.4.3  刷牙,,,,,,,,,,,,,,,,,,,,,,,,,
0  需为他刷牙或清理口腔,,,,,,,,,,,,,,,,,,,,,,,,,
1  会模仿刷牙动作,,,,,,,,,,,,,,,,,,,,,,,,,
2  在监督、提示下会自己刷牙、漱口,,,,,,,,,,,,,,,,,,,,,,,,,
3  会自己刷牙不会弄湿衣服或袖子,,,,,,,,,,,,,,,,,,,,,,,,,
4.4.4  梳头发,,,,,,,,,,,,,,,,,,,,,,,,,
0  需为他梳理头发,,,,,,,,,,,,,,,,,,,,,,,,,
1  会握梳子梳一下,,,,,,,,,,,,,,,,,,,,,,,,,
2  会前后左右任意梳头发,,,,,,,,,,,,,,,,,,,,,,,,,
3  会自己将头发梳理整齐,,,,,,,,,,,,,,,,,,,,,,,,,
4.4.5  洗澡,,,,,,,,,,,,,,,,,,,,,,,,,
0  需为他洗澡,,,,,,,,,,,,,,,,,,,,,,,,,
1  在协助下可配合洗澡,,,,,,,,,,,,,,,,,,,,,,,,,
2  在监督、提示下可配合洗澡,,,,,,,,,,,,,,,,,,,,,,,,,
3  会自己洗澡,,,,,,,,,,,,,,,,,,,,,,,,,
4.4.6  洗头发,,,,,,,,,,,,,,,,,,,,,,,,,
0  需为他洗头,,,,,,,,,,,,,,,,,,,,,,,,,
1  在协助下可配合洗头,,,,,,,,,,,,,,,,,,,,,,,,,
2  在监督、提示下会自己洗头或任意冲洗,,,,,,,,,,,,,,,,,,,,,,,,,
3  会自己洗头,,,,,,,,,,,,,,,,,,,,,,,,,
4.4.7  擤鼻涕,,,,,,,,,,,,,,,,,,,,,,,,,
0  需为他擤鼻涕,,,,,,,,,,,,,,,,,,,,,,,,,
1  为他拿卫生纸擤鼻涕时，会用力擤鼻子,,,,,,,,,,,,,,,,,,,,,,,,,
2  会用卫生纸擦去鼻涕，但擤不干净,,,,,,,,,,,,,,,,,,,,,,,,,
3  会自己用卫生纸将鼻涕擦干净,,,,,,,,,,,,,,,,,,,,,,,,,
4.4.8  使用卫生棉（男生以3分计算）,,,,,,,,,,,,,,,,,,,,,,,,,
0  需为他换卫生棉,,,,,,,,,,,,,,,,,,,,,,,,,
1  能在协助下使用、更换卫生棉,,,,,,,,,,,,,,,,,,,,,,,,,
2  能在提示下使用、更换卫生棉,,,,,,,,,,,,,,,,,,,,,,,,,
3  能自己使用、更换卫生棉,,,,,,,,,,,,,,,,,,,,,,,,,
4.4.9  刮胡子（女生以3分计算）,,,,,,,,,,,,,,,,,,,,,,,,,
0  需为他刮胡子,,,,,,,,,,,,,,,,,,,,,,,,,
1  能尝试自己用电动刮胡刀刮胡子，但仍需协助,,,,,,,,,,,,,,,,,,,,,,,,,
2  会自己刮胡子，但刮不干净,,,,,,,,,,,,,,,,,,,,,,,,,
3  会自己用电动刮胡刀将胡子刮干净,,,,,,,,,,,,,,,,,,,,,,,,,
4.4.10 剪指甲,,,,,,,,,,,,,,,,,,,,,,,,,
0  需为他剪指甲,,,,,,,,,,,,,,,,,,,,,,,,,
1  能尝试使用指甲刀，但仍需协助,,,,,,,,,,,,,,,,,,,,,,,,,
2  能在监督下用指甲刀剪指甲,,,,,,,,,,,,,,,,,,,,,,,,,
3  会自己用指甲刀剪指甲,,,,,,,,,,,,,,,,,,,,,,,,,
5沟通,,,,,,,,,,,,,,,,,,,,,,,,,
5.1    内在语言,,,,,,,,,,,,,,,,,,,,,,,,,
5.1.1  注意力,,,,,,,,,,,,,,,,,,,,,,,,,
0  对外界刺激无明显之反应,,,,,,,,,,,,,,,,,,,,,,,,,
1  对外界刺激有短暂之注意或只注意少数特定刺激,,,,,,,,,,,,,,,,,,,,,,,,,
2  能依指示注意指定之刺激,,,,,,,,,,,,,,,,,,,,,,,,,
3  主动专心注意指定之刺激,,,,,,,,,,,,,,,,,,,,,,,,,
5.1.2  学习动机,,,,,,,,,,,,,,,,,,,,,,,,,
0  对外界刺激无明显之探索反应,,,,,,,,,,,,,,,,,,,,,,,,,
1  对少数特定刺激有探索反应,,,,,,,,,,,,,,,,,,,,,,,,,
2  经指示能探索指定之刺激,,,,,,,,,,,,,,,,,,,,,,,,,
3  能主动探索指定之刺激,,,,,,,,,,,,,,,,,,,,,,,,,
5.1.3  静坐、等待,,,,,,,,,,,,,,,,,,,,,,,,,
0  即使给予协助，亦不易维持静坐、等待,,,,,,,,,,,,,,,,,,,,,,,,,
1  需要经常提示，才能静坐、等待,,,,,,,,,,,,,,,,,,,,,,,,,
2  在静坐、等待之过程中，偶而需要给予提示,,,,,,,,,,,,,,,,,,,,,,,,,
3  能静坐或等待至大人给下一个指示,,,,,,,,,,,,,,,,,,,,,,,,,
5.1.4  摹仿能力,,,,,,,,,,,,,,,,,,,,,,,,,
0  不会或不愿摹仿,,,,,,,,,,,,,,,,,,,,,,,,,
1  能在协助下摹仿各种手部、口部动作,,,,,,,,,,,,,,,,,,,,,,,,,
2  能在指示下摹仿各种手部、口部动作,,,,,,,,,,,,,,,,,,,,,,,,,
3  能主动摹仿各种手部、口部动作,,,,,,,,,,,,,,,,,,,,,,,,,
5.1.5  听从指示,,,,,,,,,,,,,,,,,,,,,,,,,
0  不愿或无法听从,,,,,,,,,,,,,,,,,,,,,,,,,
1  对少数特定事项愿意听从指示,,,,,,,,,,,,,,,,,,,,,,,,,
2  大部份时间皆愿意听从指示,,,,,,,,,,,,,,,,,,,,,,,,,
3  能主动积极配合各项指示,,,,,,,,,,,,,,,,,,,,,,,,,
5.1.6  适应能力,,,,,,,,,,,,,,,,,,,,,,,,,
0  对环境漠不关心或需给予长期之慰抚，才能适应新环境,,,,,,,,,,,,,,,,,,,,,,,,,
1  给予大量之说明、慰抚，便能适应新环境,,,,,,,,,,,,,,,,,,,,,,,,,
2  稍予说明、慰抚，便能适应新环境,,,,,,,,,,,,,,,,,,,,,,,,,
3  到任何新环境皆能自我调适,,,,,,,,,,,,,,,,,,,,,,,,,
5.2    听的能力,,,,,,,,,,,,,,,,,,,,,,,,,
5.2.1  听前准备,,,,,,,,,,,,,,,,,,,,,,,,,
0  聋或无法表现声音之辨别能力,,,,,,,,,,,,,,,,,,,,,,,,,
1  仅能表现出对少数特定声音之辨别能力,,,,,,,,,,,,,,,,,,,,,,,,,
2  能对差异性大的不同声音，表现出不同反应,,,,,,,,,,,,,,,,,,,,,,,,,
3  能对差异性小的不同声音，表现出不同反应,,,,,,,,,,,,,,,,,,,,,,,,,
5.2.2  名词反应,,,,,,,,,,,,,,,,,,,,,,,,,
0  对名词无明显反应,,,,,,,,,,,,,,,,,,,,,,,,,
1  仅对少数名词有适当反应,,,,,,,,,,,,,,,,,,,,,,,,,
2  能对常见之人、事、物等名词做适当反应,,,,,,,,,,,,,,,,,,,,,,,,,
3  能对生活上之抽象名词做适当反应（如时间、地点名词）,,,,,,,,,,,,,,,,,,,,,,,,,
5.2.3  动词反应,,,,,,,,,,,,,,,,,,,,,,,,,
0  对动词无明显反应,,,,,,,,,,,,,,,,,,,,,,,,,
1  仅对少数动词有适当反应,,,,,,,,,,,,,,,,,,,,,,,,,
2  能对具象之动词有适当反应（如跑、打开）,,,,,,,,,,,,,,,,,,,,,,,,,
3  能对抽象之动词有适当反应（如想、遵守）足以解决生活间题,,,,,,,,,,,,,,,,,,,,,,,,,
5.2.4  动词＋名词短句反应（如拿袜子）,,,,,,,,,,,,,,,,,,,,,,,,,
0  对短句无明显反应,,,,,,,,,,,,,,,,,,,,,,,,,
1  仅对少数特定动词＋名词之短句适当反应,,,,,,,,,,,,,,,,,,,,,,,,,
2  能对含有具体动、名词之短句适当反应（如拿袜子）,,,,,,,,,,,,,,,,,,,,,,,,,
3  能对含有抽象动、名词之短句适当反应（如你猜猜看）,,,,,,,,,,,,,,,,,,,,,,,,,
5.2.5  形容词＋副词短句反应（如拿黑色的袜子）,,,,,,,,,,,,,,,,,,,,,,,,,
0  对短句无明显反应,,,,,,,,,,,,,,,,,,,,,,,,,
1  仅对少数特定形容词＋副词短句适当反应,,,,,,,,,,,,,,,,,,,,,,,,,
2  能对含有具象形容动、副词之短句适当反应（如拿黑色的袜子）,,,,,,,,,,,,,,,,,,,,,,,,,
3  能对含有抽象形容、副词之短句适当反应（如拿干净的袜子）,,,,,,,,,,,,,,,,,,,,,,,,,
5.2.6  否定句反应,,,,,,,,,,,,,,,,,,,,,,,,,
0  对否定句无明显反应,,,,,,,,,,,,,,,,,,,,,,,,,
1  对加上动作、声音之否定句才有反应,,,,,,,,,,,,,,,,,,,,,,,,,
2  对含有动词、名词之否定句能适当反应（如不要喝水）,,,,,,,,,,,,,,,,,,,,,,,,,
3  对含有形容词、副词之否定句能适当反应（如不要喝生水）,,,,,,,,,,,,,,,,,,,,,,,,,
5.2.7  疑问句反应,,,,,,,,,,,,,,,,,,,,,,,,,
0  对疑问句无明显反应,,,,,,,,,,,,,,,,,,,,,,,,,
1  仅能对少数特定之疑问句有反应,,,,,,,,,,,,,,,,,,,,,,,,,
2  能对简单之疑问句适当反应（如要不要喝水）,,,,,,,,,,,,,,,,,,,,,,,,,
3  能对复杂之疑问句适当反应（如为什么要喝水）,,,,,,,,,,,,,,,,,,,,,,,,,
5.2.8  二个以上句子反应,,,,,,,,,,,,,,,,,,,,,,,,,
0  对短句无明显反应,,,,,,,,,,,,,,,,,,,,,,,,,
1  只对或经提示才对少数特定相关句子做适当反应,,,,,,,,,,,,,,,,,,,,,,,,,
2  能对二个相关之句子做适当反应,,,,,,,,,,,,,,,,,,,,,,,,,
3  能对二个不相关之句子做适当反应,,,,,,,,,,,,,,,,,,,,,,,,,
5.3    说的能力,,,,,,,,,,,,,,,,,,,,,,,,,
5.3.1  说前准备,,,,,,,,,,,,,,,,,,,,,,,,,
0  不愿或不会模仿任何构音器官之动作（如咀嚼、吹吸）,,,,,,,,,,,,,,,,,,,,,,,,,
1  能模仿少部份构音器官之动作,,,,,,,,,,,,,,,,,,,,,,,,,
2  经诱导能模仿大部份构音器官之动作,,,,,,,,,,,,,,,,,,,,,,,,,
3  能主动正确地模仿各种构音器官之动作,,,,,,,,,,,,,,,,,,,,,,,,,
5.3.2  说出名词,,,,,,,,,,,,,,,,,,,,,,,,,
0  无法或不会说出任何名词,,,,,,,,,,,,,,,,,,,,,,,,,
1  只能说出少数特定名称,,,,,,,,,,,,,,,,,,,,,,,,,
2  能说出常见人或物之名称,,,,,,,,,,,,,,,,,,,,,,,,,
3  能因需要说出抽象事物之名称（如太阳、星期一）,,,,,,,,,,,,,,,,,,,,,,,,,
5.3.3  说出动词,,,,,,,,,,,,,,,,,,,,,,,,,
0  无法或不会说出任何动词,,,,,,,,,,,,,,,,,,,,,,,,,
1  只能说出少数特定动词,,,,,,,,,,,,,,,,,,,,,,,,,
2  能说出具体动作之动词,,,,,,,,,,,,,,,,,,,,,,,,,
3  能因需要说出抽象动作之动词（如怕、想）,,,,,,,,,,,,,,,,,,,,,,,,,
5.3.4  说出动词＋名词短句,,,,,,,,,,,,,,,,,,,,,,,,,
 0  无法或不会说出任何短句,,,,,,,,,,,,,,,,,,,,,,,,,
1  只能说出少数特定短句,,,,,,,,,,,,,,,,,,,,,,,,,
2  能说出含有具象的动词＋名词之短句,,,,,,,,,,,,,,,,,,,,,,,,,
3  能因需要说出含有抽象的动词＋名词之短句,,,,,,,,,,,,,,,,,,,,,,,,,
5.3.5  说出形容词＋副词短句,,,,,,,,,,,,,,,,,,,,,,,,,
0  无法或不会说出任何短句,,,,,,,,,,,,,,,,,,,,,,,,,
1  只能说出少数特定之形容词＋副词短句,,,,,,,,,,,,,,,,,,,,,,,,,
2  能说出含有具象之形容词＋副词短句,,,,,,,,,,,,,,,,,,,,,,,,,
3  能因需要说出抽象之形容词＋副词短句,,,,,,,,,,,,,,,,,,,,,,,,,
5.3.6  说出否定句,,,,,,,,,,,,,,,,,,,,,,,,,
0  不会说否定句,,,,,,,,,,,,,,,,,,,,,,,,,
1  只能说少数特定否定句,,,,,,,,,,,,,,,,,,,,,,,,,
2  能说出含动词＋名词之否定句,,,,,,,,,,,,,,,,,,,,,,,,,
3  能因需要说出含形容词＋副词之否定句,,,,,,,,,,,,,,,,,,,,,,,,,
5.3.7  说出疑问句,,,,,,,,,,,,,,,,,,,,,,,,,
0  不会说疑问句,,,,,,,,,,,,,,,,,,,,,,,,,
1  只能说少数特定疑问句,,,,,,,,,,,,,,,,,,,,,,,,,
2  能说出简单之疑问句,,,,,,,,,,,,,,,,,,,,,,,,,
3  能因需要说出复杂之疑问句,,,,,,,,,,,,,,,,,,,,,,,,,
5.3.8  说出二个以上句子,,,,,,,,,,,,,,,,,,,,,,,,,
0  不会说出任何句子,,,,,,,,,,,,,,,,,,,,,,,,,
1  经提示才能说出二个句子,,,,,,,,,,,,,,,,,,,,,,,,,
2  能说出二个句子,,,,,,,,,,,,,,,,,,,,,,,,,
3  能因需要说出二个以上的句子,,,,,,,,,,,,,,,,,,,,,,,,,
5.3.9  表达技巧,,,,,,,,,,,,,,,,,,,,,,,,,
0  不会口语表达或口语反常（参考ABS),,,,,,,,,,,,,,,,,,,,,,,,,
1  只在特定之情境下，才能有适当之口语表达,,,,,,,,,,,,,,,,,,,,,,,,,
2  经提示、鼓励，能在适当情境做任何适当口语表达,,,,,,,,,,,,,,,,,,,,,,,,,
3  能在适当之情境，与人有适当之口语互动,,,,,,,,,,,,,,,,,,,,,,,,,
5.4    读的能力,,,,,,,,,,,,,,,,,,,,,,,,,
5.4.1  读前准备,,,,,,,,,,,,,,,,,,,,,,,,,
0  对常见物品、图片无辨别、记忆能力,,,,,,,,,,,,,,,,,,,,,,,,,
1  只能对少数特定图片有视觉辨别及记忆能力,,,,,,,,,,,,,,,,,,,,,,,,,
2  能对常见事物之图片有视觉辨别及记忆能力,,,,,,,,,,,,,,,,,,,,,,,,,
3  能对常见之形象背景与空间位置有区分能力,,,,,,,,,,,,,,,,,,,,,,,,,
5.4.2  认识视觉字,,,,,,,,,,,,,,,,,,,,,,,,,
0  无法认识任何视觉图象或文字,,,,,,,,,,,,,,,,,,,,,,,,,
1  能认识少数特定视觉图象或文字,,,,,,,,,,,,,,,,,,,,,,,,,
2  能认识与实际动作、物品类似之图象或文字,,,,,,,,,,,,,,,,,,,,,,,,,
3  能认识各种常见之视觉图象或文字,,,,,,,,,,,,,,,,,,,,,,,,,
5.4.3  认识名词、代名词,,,,,,,,,,,,,,,,,,,,,,,,,
0  无法指认任何文字,,,,,,,,,,,,,,,,,,,,,,,,,
1  只能指认少数特定名词,,,,,,,,,,,,,,,,,,,,,,,,,
2  能认读具体事物之名词,,,,,,,,,,,,,,,,,,,,,,,,,
3  能认读常用抽象事物之名词,,,,,,,,,,,,,,,,,,,,,,,,,
5.4.4  认读常用动词,,,,,,,,,,,,,,,,,,,,,,,,,
0  无法指认任何文字,,,,,,,,,,,,,,,,,,,,,,,,,
1  只能指认少数特定动词,,,,,,,,,,,,,,,,,,,,,,,,,
2  能认读具体事物之动词,,,,,,,,,,,,,,,,,,,,,,,,,
3  能认读常用的事物之动词,,,,,,,,,,,,,,,,,,,,,,,,,
5.4.5  认读简单短句,,,,,,,,,,,,,,,,,,,,,,,,,
0  无法认读句子,,,,,,,,,,,,,,,,,,,,,,,,,
1  只能认读少数特定句子,,,,,,,,,,,,,,,,,,,,,,,,,
2  能认读描述具体事物之句子,,,,,,,,,,,,,,,,,,,,,,,,,
3  能认读常用的描述抽象事物之句子,,,,,,,,,,,,,,,,,,,,,,,,,
5.4.6  认读否定句,,,,,,,,,,,,,,,,,,,,,,,,,
0  无法认读任何否定句,,,,,,,,,,,,,,,,,,,,,,,,,
1  只能认读少数特定否定句,,,,,,,,,,,,,,,,,,,,,,,,,
2  能认读否定具体事物之否定句,,,,,,,,,,,,,,,,,,,,,,,,,
3  能认读常用的否定抽象事物之否定句,,,,,,,,,,,,,,,,,,,,,,,,,
5.4.7  认读疑问句,,,,,,,,,,,,,,,,,,,,,,,,,
0  无法认读任何疑问句,,,,,,,,,,,,,,,,,,,,,,,,,
1  只能认读少数特定疑问句,,,,,,,,,,,,,,,,,,,,,,,,,
2  能认读可简单回答之疑问句,,,,,,,,,,,,,,,,,,,,,,,,,
3  能认读需复杂回答之疑问句,,,,,,,,,,,,,,,,,,,,,,,,,
5.4.8  认读二个以上句子,,,,,,,,,,,,,,,,,,,,,,,,,
0  无法认读二个以上句子,,,,,,,,,,,,,,,,,,,,,,,,,
1  经提示可认读二个句子,,,,,,,,,,,,,,,,,,,,,,,,,
2  能认读二个句子,,,,,,,,,,,,,,,,,,,,,,,,,
3  能认读二个以上句子（常用的）,,,,,,,,,,,,,,,,,,,,,,,,,
5.4.9  认读图／表,,,,,,,,,,,,,,,,,,,,,,,,,
0  无法认读图／表,,,,,,,,,,,,,,,,,,,,,,,,,
1  经提示能认读少数特定图／表,,,,,,,,,,,,,,,,,,,,,,,,,
    2  经提示能认读常用图／表,,,,,,,,,,,,,,,,,,,,,,,,,
    3  能认读常用图／表,,,,,,,,,,,,,,,,,,,,,,,,,
5.4.10 阅读技巧,,,,,,,,,,,,,,,,,,,,,,,,,
    0  无法阅读或无法依顺序阅读,,,,,,,,,,,,,,,,,,,,,,,,,
    1  能在提示下依所读到之指示行动,,,,,,,,,,,,,,,,,,,,,,,,,
    2  能依所读到之指示行动,,,,,,,,,,,,,,,,,,,,,,,,,
    3  能有良好阅读习惯，并自行解决阅读上之困难,,,,,,,,,,,,,,,,,,,,,,,,,
5.5    写的能力,,,,,,,,,,,,,,,,,,,,,,,,,
5.5.1  写前准备,,,,,,,,,,,,,,,,,,,,,,,,,
    0  不会拿笔或只能涂鸦,,,,,,,,,,,,,,,,,,,,,,,,,
    1  只能画线条及圆圈,,,,,,,,,,,,,,,,,,,,,,,,,
    2  除5.4.1之能力外，尚能看着样本画出简单图形，如△,,,,,,,,,,,,,,,,,,,,,,,,,
    3  能自己画出简单图形，如△,,,,,,,,,,,,,,,,,,,,,,,,,
5.5.2  仿画国字部首,,,,,,,,,,,,,,,,,,,,,,,,,
    0  不会仿画任何图形,,,,,,,,,,,,,,,,,,,,,,,,,
    1  只能仿画一至二个国字部首,,,,,,,,,,,,,,,,,,,,,,,,,
    2  能仿画三至五个国字部首,,,,,,,,,,,,,,,,,,,,,,,,,
    3  能仿画各种国字部首,,,,,,,,,,,,,,,,,,,,,,,,,
5.5.3  仿画简单国字,,,,,,,,,,,,,,,,,,,,,,,,,
    0  不会仿画任何图形或文字,,,,,,,,,,,,,,,,,,,,,,,,,
    1  只能仿画一至二个国字,,,,,,,,,,,,,,,,,,,,,,,,,
    2  只能仿画三至五个国字,,,,,,,,,,,,,,,,,,,,,,,,,
    3  能仿画任何简单国字,,,,,,,,,,,,,,,,,,,,,,,,,
5.5.4  能默写名词／代名词,,,,,,,,,,,,,,,,,,,,,,,,,
    0  不会默写任何字,,,,,,,,,,,,,,,,,,,,,,,,,
    1  能默写少数特定字,,,,,,,,,,,,,,,,,,,,,,,,,
    2  能默写具体之名词／代名词,,,,,,,,,,,,,,,,,,,,,,,,,
    3  能默写常用的抽象之名词／代名词,,,,,,,,,,,,,,,,,,,,,,,,,
5.5.5  默写常用动词,,,,,,,,,,,,,,,,,,,,,,,,,
    0  不会默写任何字,,,,,,,,,,,,,,,,,,,,,,,,,
    1  默写少数特定动词,,,,,,,,,,,,,,,,,,,,,,,,,
    2  能默写具体之动词,,,,,,,,,,,,,,,,,,,,,,,,,
3  能默写常用的抽象之动词,,,,,,,,,,,,,,,,,,,,,,,,,
5.5.6  默写简单句子,,,,,,,,,,,,,,,,,,,,,,,,,
    0  不会默写任何句子,,,,,,,,,,,,,,,,,,,,,,,,,
    1  只能默写一至二个特定句子,,,,,,,,,,,,,,,,,,,,,,,,,
    2  能默写含有名词／代名词之句子,,,,,,,,,,,,,,,,,,,,,,,,,
    3  能默写含有形容词／副词之句子（常用的）,,,,,,,,,,,,,,,,,,,,,,,,,
5.5.7  默写否定句,,,,,,,,,,,,,,,,,,,,,,,,,
    0  不会默写任何否定句,,,,,,,,,,,,,,,,,,,,,,,,,
    1  只能默写一至二个特定否定句,,,,,,,,,,,,,,,,,,,,,,,,,
    2  能默写简单之否定句,,,,,,,,,,,,,,,,,,,,,,,,,
    3  能默写常用之否定句表达需求,,,,,,,,,,,,,,,,,,,,,,,,,
5.5.8  默写疑问句,,,,,,,,,,,,,,,,,,,,,,,,,
    0  不会默写任何疑问句,,,,,,,,,,,,,,,,,,,,,,,,,
    1  只能默写一至二个特定疑问句,,,,,,,,,,,,,,,,,,,,,,,,,
    2  能默写可简单回答之疑问句,,,,,,,,,,,,,,,,,,,,,,,,,
    3  能默写常用之疑问句表达需求,,,,,,,,,,,,,,,,,,,,,,,,,
5.5.9  默写二个以上句子,,,,,,,,,,,,,,,,,,,,,,,,,
    0  不会默写句子,,,,,,,,,,,,,,,,,,,,,,,,,
    1  在指示下能默写二个句子,,,,,,,,,,,,,,,,,,,,,,,,,
    2  能默写二个句子,,,,,,,,,,,,,,,,,,,,,,,,,
    3  能默写二个以上句子（常用的）,,,,,,,,,,,,,,,,,,,,,,,,,
5.5.10 默写其他文字／符号,,,,,,,,,,,,,,,,,,,,,,,,,
0  不会默写其他文字／符号,,,,,,,,,,,,,,,,,,,,,,,,,
1  只能在指示下默写少数其他文字／符号,,,,,,,,,,,,,,,,,,,,,,,,,
2  能填写简单之图表,,,,,,,,,,,,,,,,,,,,,,,,,
3  能绘制简单之图表,,,,,,,,,,,,,,,,,,,,,,,,,
5.5.11 书写技巧,,,,,,,,,,,,,,,,,,,,,,,,,
    0  只能任意抄写,,,,,,,,,,,,,,,,,,,,,,,,,
    1  能将字写在指定之格子内,,,,,,,,,,,,,,,,,,,,,,,,,
    2  能依顺序抄写或默写一行文字在格子内,,,,,,,,,,,,,,,,,,,,,,,,,
    3  能依顺序抄写或默写一页文字在格子内,,,,,,,,,,,,,,,,,,,,,,,,,
5.6    非语言沟通,,,,,,,,,,,,,,,,,,,,,,,,,
5.6.1  肢体沟通－接受性,,,,,,,,,,,,,,,,,,,,,,,,,
    0  对别人之动作、表情毫无反应,,,,,,,,,,,,,,,,,,,,,,,,,
    1  能对别人之全身性动作有反应，如抱、逗他,,,,,,,,,,,,,,,,,,,,,,,,,
    2  能对别人之手部动作有反应，如指示,,,,,,,,,,,,,,,,,,,,,,,,,
    3  能对别人之手势有适当反应,,,,,,,,,,,,,,,,,,,,,,,,,
5.6.2  肢体沟通――表达性,,,,,,,,,,,,,,,,,,,,,,,,,
    0  极少有表达行为或只有哭、笑、吐等口部动作,,,,,,,,,,,,,,,,,,,,,,,,,
    1  只有全身性动作之表达，如逃开、靠近、拉人,,,,,,,,,,,,,,,,,,,,,,,,,
    2  能有上肢动作之表达，如抢、拉人、指出,,,,,,,,,,,,,,,,,,,,,,,,,
    3  能以手势表达需求,,,,,,,,,,,,,,,,,,,,,,,,,
5.6.3  手语沟通――接受性,,,,,,,,,,,,,,,,,,,,,,,,,
    0  无法理解任何手语,,,,,,,,,,,,,,,,,,,,,,,,,
    1  只能以少数特定手语行事,,,,,,,,,,,,,,,,,,,,,,,,,
    2  能依别人打出之手语单词行事,,,,,,,,,,,,,,,,,,,,,,,,,
    3  能依别人打出之手语短句行事,,,,,,,,,,,,,,,,,,,,,,,,,
5.6.4  手语沟通――表达性,,,,,,,,,,,,,,,,,,,,,,,,,
    0  无法以手语表达需求,,,,,,,,,,,,,,,,,,,,,,,,,
    1  只能以少数特定手语表达需求,,,,,,,,,,,,,,,,,,,,,,,,,
    2  能打出手语单词表达需求,,,,,,,,,,,,,,,,,,,,,,,,,
    3  能打出手语短句表达需求,,,,,,,,,,,,,,,,,,,,,,,,,
5.6.5  图片／照片沟通――接受性,,,,,,,,,,,,,,,,,,,,,,,,,
    0  无法依别人出示之实物行事,,,,,,,,,,,,,,,,,,,,,,,,,
    1  能依别人出示之实物行事,,,,,,,,,,,,,,,,,,,,,,,,,
    2  能依别人出示之图片／照片行事,,,,,,,,,,,,,,,,,,,,,,,,,
    3  能依别人出示之系列图片／照片之顺序进行活动,,,,,,,,,,,,,,,,,,,,,,,,,
5.6.6  图片／照片沟通――表达性,,,,,,,,,,,,,,,,,,,,,,,,,
    0  无法指认实物,,,,,,,,,,,,,,,,,,,,,,,,,
    1  能指认实物回答需求,,,,,,,,,,,,,,,,,,,,,,,,,
    2  能指认图片／照片回答需求,,,,,,,,,,,,,,,,,,,,,,,,,
    3  能主动出示图片／照片表达需求,,,,,,,,,,,,,,,,,,,,,,,,,
5.6.7  符号沟通――接受性,,,,,,,,,,,,,,,,,,,,,,,,,
    0  无法理解任何符号,,,,,,,,,,,,,,,,,,,,,,,,,
    1  能依别人出示之少数符号行事,,,,,,,,,,,,,,,,,,,,,,,,,
    2  能依别人出示之符号行事,,,,,,,,,,,,,,,,,,,,,,,,,
3  能依别人出示之系列符号之顺序进行活动,,,,,,,,,,,,,,,,,,,,,,,,,
5.6.8  符号沟通――表达性,,,,,,,,,,,,,,,,,,,,,,,,,
    0  无法以任何符号表达需求,,,,,,,,,,,,,,,,,,,,,,,,,
    1  能指认少数符号回答需求,,,,,,,,,,,,,,,,,,,,,,,,,
    2  能指认符号回答需求,,,,,,,,,,,,,,,,,,,,,,,,,
    3  能主动出示符号表达需求,,,,,,,,,,,,,,,,,,,,,,,,,
5.6.9  文字沟通――接受性,,,,,,,,,,,,,,,,,,,,,,,,,
    0  无法指认任何文字,,,,,,,,,,,,,,,,,,,,,,,,,
    1  能依少数文字行事,,,,,,,,,,,,,,,,,,,,,,,,,
    2  能依单字词之文字行事,,,,,,,,,,,,,,,,,,,,,,,,,
    3  能依完整句型之文字行事,,,,,,,,,,,,,,,,,,,,,,,,,
5.6.10 文字沟通――表达性,,,,,,,,,,,,,,,,,,,,,,,,,
    0  无法依任何文字指示行事,,,,,,,,,,,,,,,,,,,,,,,,,
    1  能出示或写出少数特定文字表达需求,,,,,,,,,,,,,,,,,,,,,,,,,
    2  能出示或写出单字词之文字表达需求,,,,,,,,,,,,,,,,,,,,,,,,,
    3  能出示或写出完整句型之文字表达需求,,,,,,,,,,,,,,,,,,,,,,,,,
5.6.11 其他方式之沟通（如电脑、打字……）,,,,,,,,,,,,,,,,,,,,,,,,,
    0  无法以其他方式与人沟通,,,,,,,,,,,,,,,,,,,,,,,,,
    1  能以其他方式表达少数需求,,,,,,,,,,,,,,,,,,,,,,,,,
    2  能以其他方式表达字词,,,,,,,,,,,,,,,,,,,,,,,,,
    3  能以其他方式表达句子,,,,,,,,,,,,,,,,,,,,,,,,,
5.6.12 非语言沟通技巧,,,,,,,,,,,,,,,,,,,,,,,,,
    0  不会利用任何沟通工具,,,,,,,,,,,,,,,,,,,,,,,,,
    1  能在指示下使用非语言沟通工具,,,,,,,,,,,,,,,,,,,,,,,,,
    2  能主动使用沟通工具，但速度慢,,,,,,,,,,,,,,,,,,,,,,,,,
3  能快速、有效地使用沟通工具，并适当保管沟通工具,,,,,,,,,,,,,,,,,,,,,,,,,
6认知,,,,,,,,,,,,,,,,,,,,,,,,,
6.1    物体恒存性,,,,,,,,,,,,,,,,,,,,,,,,,
6.1.1  物体恒存性,,,,,,,,,,,,,,,,,,,,,,,,,
0  当物品在面前消失亦不会寻找或迫视,,,,,,,,,,,,,,,,,,,,,,,,,
1  当物品在面前消失会短暂寻找,,,,,,,,,,,,,,,,,,,,,,,,,
2  当物品被更换过许多位置，会一一地去搜寻此物品,,,,,,,,,,,,,,,,,,,,,,,,,
3  当物品被更换过许多位置，仍能准确地找到此物品（不需一一搜寻）,,,,,,,,,,,,,,,,,,,,,,,,,
6.2    记忆力,,,,,,,,,,,,,,,,,,,,,,,,,
6.2.1  对经历事件之记忆力,,,,,,,,,,,,,,,,,,,,,,,,,
    0  无法表现对经历事件之记忆力,,,,,,,,,,,,,,,,,,,,,,,,,
    1  对少数经历事件能表现出记忆力,,,,,,,,,,,,,,,,,,,,,,,,,
    2  在提示下能自行进行下一事项,,,,,,,,,,,,,,,,,,,,,,,,,
    3  能自行进行一系列例行事项,,,,,,,,,,,,,,,,,,,,,,,,,
6.2.2  对物品操作之记忆力,,,,,,,,,,,,,,,,,,,,,,,,,
    0  不会模仿动作,,,,,,,,,,,,,,,,,,,,,,,,,
    1  只能模仿简单的动作,,,,,,,,,,,,,,,,,,,,,,,,,
    2  能模仿只有二至三个步骤之简单动作,,,,,,,,,,,,,,,,,,,,,,,,,
    3  能模仿四个以上步骤之复杂操作,,,,,,,,,,,,,,,,,,,,,,,,,
6.2.3  对地点、位置之记忆力,,,,,,,,,,,,,,,,,,,,,,,,,
    0  无法表现出对地点、位置之记忆力,,,,,,,,,,,,,,,,,,,,,,,,,
    1  只对少数特定地点能表现出记忆力,,,,,,,,,,,,,,,,,,,,,,,,,
    2  对于常使用之地点、位置能表现出记忆力,,,,,,,,,,,,,,,,,,,,,,,,,
    3  能到适当地点、位置做某事,,,,,,,,,,,,,,,,,,,,,,,,,
6.2.4  对物品所属之记忆力,,,,,,,,,,,,,,,,,,,,,,,,,
    0  无法指认自己的物品,,,,,,,,,,,,,,,,,,,,,,,,,
    1  能在提示下指认自己的物品,,,,,,,,,,,,,,,,,,,,,,,,,
    2  能指出自己之所有物,,,,,,,,,,,,,,,,,,,,,,,,,
    3  能指出熟人之所有物,,,,,,,,,,,,,,,,,,,,,,,,,
6.3    配对和分类,,,,,,,,,,,,,,,,,,,,,,,,,
6.3.1  配对、分类相同物品,,,,,,,,,,,,,,,,,,,,,,,,,
    0  不会模仿拿一样的物品,,,,,,,,,,,,,,,,,,,,,,,,,
    1  会模仿拿一样的物品,,,,,,,,,,,,,,,,,,,,,,,,,
    2  会将二组物品分为二堆,,,,,,,,,,,,,,,,,,,,,,,,,
    3  会将三组以上物品分堆,,,,,,,,,,,,,,,,,,,,,,,,,
6.3.2  配对、分类立体形状,,,,,,,,,,,,,,,,,,,,,,,,,
    0  不会模仿拿一样的立体形状,,,,,,,,,,,,,,,,,,,,,,,,,
    1  会模仿拿一样的立体形状,,,,,,,,,,,,,,,,,,,,,,,,,
    2  会将二组立体形状分为二堆,,,,,,,,,,,,,,,,,,,,,,,,,
    3  会将三组以上立体形状分堆,,,,,,,,,,,,,,,,,,,,,,,,,
6.3.3  依大小配对、分类物品,,,,,,,,,,,,,,,,,,,,,,,,,
    0  不会模仿拿一样大小之物品,,,,,,,,,,,,,,,,,,,,,,,,,
    1  会模仿拿一样大小之物品,,,,,,,,,,,,,,,,,,,,,,,,,
    2  会将二组物品依大小分类,,,,,,,,,,,,,,,,,,,,,,,,,
    3  会将三组以上物品依大小分类,,,,,,,,,,,,,,,,,,,,,,,,,
6.3.4  依颜色配对、分类物品,,,,,,,,,,,,,,,,,,,,,,,,,
    0  不会模仿拿一样颜色之物品,,,,,,,,,,,,,,,,,,,,,,,,,
    1  会模仿拿一样颜色之物品,,,,,,,,,,,,,,,,,,,,,,,,,
    2  会将二组物品依颜色分类,,,,,,,,,,,,,,,,,,,,,,,,,
    3  会将三组以上物品依颜色分类,,,,,,,,,,,,,,,,,,,,,,,,,
6.3.5  依质料配对、分类物品,,,,,,,,,,,,,,,,,,,,,,,,,
    0  不会模仿拿一样质料之物品,,,,,,,,,,,,,,,,,,,,,,,,,
    1  会模仿拿一样质料之物品,,,,,,,,,,,,,,,,,,,,,,,,,
    2  会将二组物品依质料分类,,,,,,,,,,,,,,,,,,,,,,,,,
    3  会将三组以上物品依质料分类,,,,,,,,,,,,,,,,,,,,,,,,,
6.3.6  依二个不同条件配对、分类物品,,,,,,,,,,,,,,,,,,,,,,,,,
    0  不会依任何条件配对、分类物品,,,,,,,,,,,,,,,,,,,,,,,,,
    1  只能在没有其他因素午扰情况下，才能做简单之分类,,,,,,,,,,,,,,,,,,,,,,,,,
    2  能将有二个不同条件之物品依指定条件分类，偶有失误,,,,,,,,,,,,,,,,,,,,,,,,,
    3  能将有二个不同条件（如颜色不同、形状不同）之物品,,,,,,,,,,,,,,,,,,,,,,,,,
       依指定条件（如依颜色）分类，不会失误,,,,,,,,,,,,,,,,,,,,,,,,,
6.3.7  配对、分类图片,,,,,,,,,,,,,,,,,,,,,,,,,
    0  不会模仿拿一样的图片,,,,,,,,,,,,,,,,,,,,,,,,,
    1  会模仿拿一样的图片,,,,,,,,,,,,,,,,,,,,,,,,,
2  会将二组图片分成二堆,,,,,,,,,,,,,,,,,,,,,,,,,
    3  会将三组以上图片分成数堆,,,,,,,,,,,,,,,,,,,,,,,,,
6．3.8  比较X项与Y项,,,,,,,,,,,,,,,,,,,,,,,,,
    0  不会模仿将相对应之物品放在一起,,,,,,,,,,,,,,,,,,,,,,,,,
    1  会模仿将相对应之物品放在一起（如牙刷＋杯子、袜子＋鞋子）,,,,,,,,,,,,,,,,,,,,,,,,,
    2  会将二组相对应之图片加以配对,,,,,,,,,,,,,,,,,,,,,,,,,
    3  会将数组相对应之图片加以配对,,,,,,,,,,,,,,,,,,,,,,,,,
6.3.9  依物品功能分类,,,,,,,,,,,,,,,,,,,,,,,,,
    0  日常生活中亦不能自己依功能选择一件物品,,,,,,,,,,,,,,,,,,,,,,,,,
    1  只能依功能选择一、二件物品,,,,,,,,,,,,,,,,,,,,,,,,,
    2  能依功能选择三件以上物品（例：吃饭用的、洗脸用的……）,,,,,,,,,,,,,,,,,,,,,,,,,
    3  能依指定条件选择三件以上物品（例：可以放冰箱的、会飞的……）,,,,,,,,,,,,,,,,,,,,,,,,,
6.4    顺序,,,,,,,,,,,,,,,,,,,,,,,,,
6.4.1  顺序排列物品,,,,,,,,,,,,,,,,,,,,,,,,,
    0  不会模仿排列物品,,,,,,,,,,,,,,,,,,,,,,,,,
    1  能一对一地模仿排列物品,,,,,,,,,,,,,,,,,,,,,,,,,
    2  能模仿简单顺序排列物品,,,,,,,,,,,,,,,,,,,,,,,,,
    3  能自己依指定顺序排列物品,,,,,,,,,,,,,,,,,,,,,,,,,
6.4.2  依序完成活动,,,,,,,,,,,,,,,,,,,,,,,,,
    0  不会模仿活动顺序,,,,,,,,,,,,,,,,,,,,,,,,,
    1  能在提示下依序完成二至三个步骤之工作,,,,,,,,,,,,,,,,,,,,,,,,,
    2  能依序完成二至三个步骤之工作,,,,,,,,,,,,,,,,,,,,,,,,,
    3  能依序完成四个以上步骤之工作,,,,,,,,,,,,,,,,,,,,,,,,,
6.5    解决问题,,,,,,,,,,,,,,,,,,,,,,,,,
6.5.1  设法取得物品,,,,,,,,,,,,,,,,,,,,,,,,,
    0  无法取得物品时极易受挫或放弃,,,,,,,,,,,,,,,,,,,,,,,,,
    1  会模仿别人的方式取得物品,,,,,,,,,,,,,,,,,,,,,,,,,
    2  无法取得物品时会自己尝试运用其他方法,,,,,,,,,,,,,,,,,,,,,,,,,
    3  能克服各种障碍自己取得想要的物品,,,,,,,,,,,,,,,,,,,,,,,,,
6.5.2  寻求帮忙,,,,,,,,,,,,,,,,,,,,,,,,,
    0  不会寻求他人帮忙,,,,,,,,,,,,,,,,,,,,,,,,,
    1  经提示会找人帮忙,,,,,,,,,,,,,,,,,,,,,,,,,
2  只有特定的事情会找人帮忙,,,,,,,,,,,,,,,,,,,,,,,,,
    3  能适当寻求他人帮忙解决问题,,,,,,,,,,,,,,,,,,,,,,,,,
6.5.3  应用所学,,,,,,,,,,,,,,,,,,,,,,,,,
    0  经协助才能表现所学之动作或技能,,,,,,,,,,,,,,,,,,,,,,,,,
    1  所学之技能只在特定情况下才会表现,,,,,,,,,,,,,,,,,,,,,,,,,
    2  经提示、练习，可将所学之技能应用在相似之情境,,,,,,,,,,,,,,,,,,,,,,,,,
    3  能主动将所学之技能，类化应用在相似之情境,,,,,,,,,,,,,,,,,,,,,,,,,
6.5.4  自我修正错误,,,,,,,,,,,,,,,,,,,,,,,,,
    0  不会修正任何错误的行为与事物,,,,,,,,,,,,,,,,,,,,,,,,,
    1  经他人指出错误及修改方式，才可修正行为或事物,,,,,,,,,,,,,,,,,,,,,,,,,
    2  经他人指出错误，肯自行修改行为或事物,,,,,,,,,,,,,,,,,,,,,,,,,
    3  能自己发现错误，并自行修正行为或事物,,,,,,,,,,,,,,,,,,,,,,,,,
6.5.5  了解因果关系,,,,,,,,,,,,,,,,,,,,,,,,,
    0  只能对初级的刺激反应,,,,,,,,,,,,,,,,,,,,,,,,,
    1  经提示、警告才能了解行为之后果,,,,,,,,,,,,,,,,,,,,,,,,,
    2  对于经历过之事件，能说出其前因后果,,,,,,,,,,,,,,,,,,,,,,,,,
3  能预测事件之后果，以决定自己之行为,,,,,,,,,,,,,,,,,,,,,,,,,
7社会技能,,,,,,,,,,,,,,,,,,,,,,,,,
7.1    数的应用,,,,,,,,,,,,,,,,,,,,,,,,,
7.1.1  数量概念,,,,,,,,,,,,,,,,,,,,,,,,,
    0  无任何数量概念,,,,,,,,,,,,,,,,,,,,,,,,,
    1  只有下列数量概念之一种：（1）分辩大小（2）分辨长短,,,,,,,,,,,,,,,,,,,,,,,,,
                              （3）分辨轻重（4）分辨多寡,,,,,,,,,,,,,,,,,,,,,,,,,
                              （5）分辨空满（6）双、打,,,,,,,,,,,,,,,,,,,,,,,,,
                              （7）其它,,,,,,,,,,,,,,,,,,,,,,,,,
    2  能有上述数量概念二至三种,,,,,,,,,,,,,,,,,,,,,,,,,
    3  能有上述数量概念四种以上,,,,,,,,,,,,,,,,,,,,,,,,,
7.1.2  数数,,,,,,,,,,,,,,,,,,,,,,,,,
    0  不会唱数,,,,,,,,,,,,,,,,,,,,,,,,,
    1  只能唱数到10,,,,,,,,,,,,,,,,,,,,,,,,,
    2  能数出10以内之数量,,,,,,,,,,,,,,,,,,,,,,,,,
    3  能数出100以内之数量,,,,,,,,,,,,,,,,,,,,,,,,,
7.1.3  认读数字,,,,,,,,,,,,,,,,,,,,,,,,,
    0  不会认读任何数字,,,,,,,,,,,,,,,,,,,,,,,,,
    1  只能认读少数特定数字,,,,,,,,,,,,,,,,,,,,,,,,,
    2  能认读1至10之汉字与阿拉伯数字,,,,,,,,,,,,,,,,,,,,,,,,,
    3  能认读1至100之汉字与阿拉伯数字,,,,,,,,,,,,,,,,,,,,,,,,,
7.1.4  简单运算,,,,,,,,,,,,,,,,,,,,,,,,,
0  不会任何运算,,,,,,,,,,,,,,,,,,,,,,,,,
    1  只能做个位数之加减运算,,,,,,,,,,,,,,,,,,,,,,,,,
2  能做二个数字之加减运算（笔算或电算机）,,,,,,,,,,,,,,,,,,,,,,,,,
    3  能做连续数字之加减运算（笔算或电算机）、,,,,,,,,,,,,,,,,,,,,,,,,,
7.1.5  简单测量,,,,,,,,,,,,,,,,,,,,,,,,,
    0  无法做任何测量,,,,,,,,,,,,,,,,,,,,,,,,,
1  能做下述测量之一项：（1）测量长度 （2）测量高度,,,,,,,,,,,,,,,,,,,,,,,,,
（3）测量重量 （4）测量温度,,,,,,,,,,,,,,,,,,,,,,,,,
                          （5）测量容量,,,,,,,,,,,,,,,,,,,,,,,,,
    2  能做上述测量之二项,,,,,,,,,,,,,,,,,,,,,,,,,
    3  能做上述测量之三项以上,,,,,,,,,,,,,,,,,,,,,,,,,
7.1.6  金钱概念,,,,,,,,,,,,,,,,,,,,,,,,,
    0  无法指认钱数,,,,,,,,,,,,,,,,,,,,,,,,,
    1  能指认钱数,,,,,,,,,,,,,,,,,,,,,,,,,
    2  能兑换钱币,,,,,,,,,,,,,,,,,,,,,,,,,
    3  能计算数个钱数之总价及总差,,,,,,,,,,,,,,,,,,,,,,,,,
7.1.7  时间概念,,,,,,,,,,,,,,,,,,,,,,,,,
    0  无任何时间概念,,,,,,,,,,,,,,,,,,,,,,,,,
    1  能在指示下说出今天之日期、时刻,,,,,,,,,,,,,,,,,,,,,,,,,
    2  能说出大致之日期、时刻,,,,,,,,,,,,,,,,,,,,,,,,,
    3  能大致估量时间（例：完成某件工作的时间）,,,,,,,,,,,,,,,,,,,,,,,,,
7.2    人际关系,,,,,,,,,,,,,,,,,,,,,,,,,
7.2.1  打招呼,,,,,,,,,,,,,,,,,,,,,,,,,
    0  不会和人打招呼,,,,,,,,,,,,,,,,,,,,,,,,,
    1  能在指示下与人打招呼,,,,,,,,,,,,,,,,,,,,,,,,,
    2  能主动与人打招呼,,,,,,,,,,,,,,,,,,,,,,,,,
    3  能在授受中表示礼貌,,,,,,,,,,,,,,,,,,,,,,,,,
7.2.2  参与团体活动,,,,,,,,,,,,,,,,,,,,,,,,,
    0  无法参与任何团体活动．,,,,,,,,,,,,,,,,,,,,,,,,,
    1  只能参与二至三人之小组活动,,,,,,,,,,,,,,,,,,,,,,,,,
    2  能参与团体活动、在指示下遵守活动规划,,,,,,,,,,,,,,,,,,,,,,,,,
    3  能参与团体活动并遵守活动规则,,,,,,,,,,,,,,,,,,,,,,,,,
7.2.3  介绍自己／别人,,,,,,,,,,,,,,,,,,,,,,,,,
    0  无法自我介绍任何资料,,,,,,,,,,,,,,,,,,,,,,,,,
    1  经指示能自我介绍姓名、年龄、身份等,,,,,,,,,,,,,,,,,,,,,,,,,
    2  能自我介绍姓名、年龄、身份等,,,,,,,,,,,,,,,,,,,,,,,,,
    3  能为别人介绍某人之姓名、年龄、身份等,,,,,,,,,,,,,,,,,,,,,,,,,
7.2.4  尊重别人,,,,,,,,,,,,,,,,,,,,,,,,,
    0  无法对别人之要求或感觉表现配合之态度,,,,,,,,,,,,,,,,,,,,,,,,,
    1  能在指示下对别人之要求或感觉表现配合之态度,,,,,,,,,,,,,,,,,,,,,,,,,
    2  能对别人之要求或感觉表现配合之态度,,,,,,,,,,,,,,,,,,,,,,,,,
    3  取用别人之所有物或要求别人时能征求同意,,,,,,,,,,,,,,,,,,,,,,,,,
7.2.5  约会,,,,,,,,,,,,,,,,,,,,,,,,,
    0  无法招待别人或接受招待,,,,,,,,,,,,,,,,,,,,,,,,,
1  能在指示下招待别人或接受招待,,,,,,,,,,,,,,,,,,,,,,,,,
    2  能约会别人或接受约会、拒绝约会,,,,,,,,,,,,,,,,,,,,,,,,,
    3  能主动约会别人并准备约会事项,,,,,,,,,,,,,,,,,,,,,,,,,
7.2.6  助人与求助,,,,,,,,,,,,,,,,,,,,,,,,,
    0  无法助人或求助,,,,,,,,,,,,,,,,,,,,,,,,,
    1  经提示会以简单方式助人或求助,,,,,,,,,,,,,,,,,,,,,,,,,
    2  能以简单方式助人或求助,,,,,,,,,,,,,,,,,,,,,,,,,
    3  能以适当方式助人或求助，如征求同意才助人、有,,,,,,,,,,,,,,,,,,,,,,,,,
       效表达求助之需求,,,,,,,,,,,,,,,,,,,,,,,,,
7.3    家事技能,,,,,,,,,,,,,,,,,,,,,,,,,
7.3.1  清扫,,,,,,,,,,,,,,,,,,,,,,,,,
    0  无法使用清扫工具,,,,,,,,,,,,,,,,,,,,,,,,,
    1  能在协助下使用各种清扫工具,,,,,,,,,,,,,,,,,,,,,,,,,
    2  能在指示下使用各种清扫工具,,,,,,,,,,,,,,,,,,,,,,,,,
    3  能使用各种清扫工具清洁房舍及家具,,,,,,,,,,,,,,,,,,,,,,,,,
7.3.2  清洗餐具,,,,,,,,,,,,,,,,,,,,,,,,,
    0  一无法清洗任何餐具,,,,,,,,,,,,,,,,,,,,,,,,,
    1  只能冲洗杯子,,,,,,,,,,,,,,,,,,,,,,,,,
    2  能在提示下清洗各种餐具,,,,,,,,,,,,,,,,,,,,,,,,,
    3  能自己将各种餐具清洗干净,,,,,,,,,,,,,,,,,,,,,,,,,
7.3.3  清洗衣物,,,,,,,,,,,,,,,,,,,,,,,,,
    0  无法使用洗衣机或不会搓衣物,,,,,,,,,,,,,,,,,,,,,,,,,
    1  只能用手搓洗小件衣服,,,,,,,,,,,,,,,,,,,,,,,,,
    2  除上述外，并能在指示下使用洗衣机洗衣、晾衣,,,,,,,,,,,,,,,,,,,,,,,,,
    3  能使用洗衣机洗衣、晾衣,,,,,,,,,,,,,,,,,,,,,,,,,
7.3.4  整理家中物品,,,,,,,,,,,,,,,,,,,,,,,,,
0  不会整理任何物品,,,,,,,,,,,,,,,,,,,,,,,,,
    1  能整理家中少数特定物品,,,,,,,,,,,,,,,,,,,,,,,,,
    2  能在提示下整理家中各部份,,,,,,,,,,,,,,,,,,,,,,,,,
    3  能自己整理家中各部份,,,,,,,,,,,,,,,,,,,,,,,,,
7.3.5  烹饪,,,,,,,,,,,,,,,,,,,,,,,,,
    0  无法准备任何食物,,,,,,,,,,,,,,,,,,,,,,,,,
    1  能冲泡食物,,,,,,,,,,,,,,,,,,,,,,,,,
2  能将食物加热,,,,,,,,,,,,,,,,,,,,,,,,,
    3  能自己烹饪几道简单菜肴,,,,,,,,,,,,,,,,,,,,,,,,,
7.3.6  缝纫,,,,,,,,,,,,,,,,,,,,,,,,,
    0  不会任何缝纫,,,,,,,,,,,,,,,,,,,,,,,,,
    1  能发觉衣物上缺损之处,,,,,,,,,,,,,,,,,,,,,,,,,
    2  能自己修补衣服上之绽线,,,,,,,,,,,,,,,,,,,,,,,,,
    3  能自己修补衣服上之钮扣,,,,,,,,,,,,,,,,,,,,,,,,,
7.4    社区技能,,,,,,,,,,,,,,,,,,,,,,,,,
7.4.1  认识社区,,,,,,,,,,,,,,,,,,,,,,,,,
    0  在家附近活动有危险或迷失之可能,,,,,,,,,,,,,,,,,,,,,,,,,
    1  能在陪伴下于家附近社区安全地活动,,,,,,,,,,,,,,,,,,,,,,,,,
    2  在家附近特定地区活动不会迷失,,,,,,,,,,,,,,,,,,,,,,,,,
    3  在家附近任何地区活动皆不会迷失,,,,,,,,,,,,,,,,,,,,,,,,,
7.4.2  使用交通设施,,,,,,,,,,,,,,,,,,,,,,,,,
    0  需全力协助才能搭乘公共交通工具,,,,,,,,,,,,,,,,,,,,,,,,,
    1  能在指示下使用公共交通工具到某个地点,,,,,,,,,,,,,,,,,,,,,,,,,
    2  能使用公共交通工具到某个熟悉的地点,,,,,,,,,,,,,,,,,,,,,,,,,
    3  能使用公共交通工具到几个熟悉的地点,,,,,,,,,,,,,,,,,,,,,,,,,
7.4.3  使用公共设备（如公用电话、贩卖机）,,,,,,,,,,,,,,,,,,,,,,,,,
    0  需全力协助才能使用公共设备,,,,,,,,,,,,,,,,,,,,,,,,,
    1  能使用下述公买设备一种：（1）公用电话   （2）贩卖机,,,,,,,,,,,,,,,,,,,,,,,,,
                              （3）电梯       （4）公厕,,,,,,,,,,,,,,,,,,,,,,,,,
                              （5）公用垃圾筒 （6）公园设施,,,,,,,,,,,,,,,,,,,,,,,,,
                              （7）提款机     （8）其他,,,,,,,,,,,,,,,,,,,,,,,,,
    2  能使用上述公共设备二至三种,,,,,,,,,,,,,,,,,,,,,,,,,
    3  能使用上述公共设备四种以上,,,,,,,,,,,,,,,,,,,,,,,,,
7.4.4  使用商店,,,,,,,,,,,,,,,,,,,,,,,,,
    0  需全力协助才能进入商店,,,,,,,,,,,,,,,,,,,,,,,,,
    1  只能在指示下才能使用商店,,,,,,,,,,,,,,,,,,,,,,,,,
    2  能使用与民生必需品有关之商店（如饮食店、超级商店）,,,,,,,,,,,,,,,,,,,,,,,,,
    3  能使用其它商店,,,,,,,,,,,,,,,,,,,,,,,,,
7.4.5  使用公家单位,,,,,,,,,,,,,,,,,,,,,,,,,
    0  需全力协助才能使用公家单位,,,,,,,,,,,,,,,,,,,,,,,,,
1  能使用下述公家单位一种：（1）邮局        （2）公安局,,,,,,,,,,,,,,,,,,,,,,,,,
                              （3）图书馆      （4）申诉单位,,,,,,,,,,,,,,,,,,,,,,,,,
                              （5）申办证件单位,,,,,,,,,,,,,,,,,,,,,,,,,
    2  能使用上述公家单位二至三种,,,,,,,,,,,,,,,,,,,,,,,,,
    3  能使用上述公家单位四种以上,,,,,,,,,,,,,,,,,,,,,,,,,
7.4.6  参与社区活动,,,,,,,,,,,,,,,,,,,,,,,,,
    0  无法参与任何社区活动,,,,,,,,,,,,,,,,,,,,,,,,,
    1  只能参与少数残障团体之活动，但仍需指导,,,,,,,,,,,,,,,,,,,,,,,,,
    2  有机会参与社区中之一般活动,,,,,,,,,,,,,,,,,,,,,,,,,
    3  有机会参与社区中之一般活动，并有适当表现,,,,,,,,,,,,,,,,,,,,,,,,,
7.5    休闲活动,,,,,,,,,,,,,,,,,,,,,,,,,
7.5.1  音乐活动,,,,,,,,,,,,,,,,,,,,,,,,,
    0  对音乐、歌唱无特别喜好,,,,,,,,,,,,,,,,,,,,,,,,,
    1  对音乐、歌唱等表现出喜好与专心．,,,,,,,,,,,,,,,,,,,,,,,,,
    2  能自己选择录音带并操作录音机,,,,,,,,,,,,,,,,,,,,,,,,,
    3  能在观赏音乐活动时有适当表现,,,,,,,,,,,,,,,,,,,,,,,,,
7.5.2  阅读书报,,,,,,,,,,,,,,,,,,,,,,,,,
    0  对书报杂志不喜欢或只当成玩具,,,,,,,,,,,,,,,,,,,,,,,,,
    1  对某种书报或杂志表现出喜好与专心,,,,,,,,,,,,,,,,,,,,,,,,,
    2  能自己找寻书报杂志来翻阅,,,,,,,,,,,,,,,,,,,,,,,,,
    3  能翻阅各种书报杂志，大致说出其内容,,,,,,,,,,,,,,,,,,,,,,,,,
7.5.3  绘画活动,,,,,,,,,,,,,,,,,,,,,,,,,
    0  对绘画不表现兴趣,,,,,,,,,,,,,,,,,,,,,,,,,
    1  对看别人绘画有兴趣及专心,,,,,,,,,,,,,,,,,,,,,,,,,
    2  能自己专心地绘画,,,,,,,,,,,,,,,,,,,,,,,,,
    3  能在欣赏美术展览时适当表现,,,,,,,,,,,,,,,,,,,,,,,,,
7.5.4  手工艺活动,,,,,,,,,,,,,,,,,,,,,,,,,
    0  对手工艺未表现兴趣,,,,,,,,,,,,,,,,,,,,,,,,,
    1  能在指示下做手工艺,,,,,,,,,,,,,,,,,,,,,,,,,
    2  能自己专心地做某种手工艺,,,,,,,,,,,,,,,,,,,,,,,,,
    3  能自己看说明书做简单之劳作,,,,,,,,,,,,,,,,,,,,,,,,,
7.5.5  运动,,,,,,,,,,,,,,,,,,,,,,,,,
    0  无法运动或对运动毫无兴趣,,,,,,,,,,,,,,,,,,,,,,,,,
1  能有下述运动技能或兴趣之一种：（1）球类（2）舞蹈,,,,,,,,,,,,,,,,,,,,,,,,,
                                    （3）游泳（4）溜冰,,,,,,,,,,,,,,,,,,,,,,,,,
                                    （5）慢跑（6）健行,,,,,,,,,,,,,,,,,,,,,,,,,
                                    （7）游戏,,,,,,,,,,,,,,,,,,,,,,,,,
    2  能有上述运动技能或兴趣之二至三种,,,,,,,,,,,,,,,,,,,,,,,,,
    3  能有上述运动技能或兴趣之四种以上,,,,,,,,,,,,,,,,,,,,,,,,,
7.5.6  旅游活动,,,,,,,,,,,,,,,,,,,,,,,,,
    0  无法参与旅游活动或毫无兴趣,,,,,,,,,,,,,,,,,,,,,,,,,
    1  只能在陪伴下做近郊的旅游活动,,,,,,,,,,,,,,,,,,,,,,,,,
    2  能在陪伴下参加国内旅游活动,,,,,,,,,,,,,,,,,,,,,,,,,
    3  能独自参与旅行团之国内旅游活动,,,,,,,,,,,,,,,,,,,,,,,,,
7.5.7  桌上游戏,,,,,,,,,,,,,,,,,,,,,,,,,
    0  不会任何桌上游戏,,,,,,,,,,,,,,,,,,,,,,,,,
    1  会玩下列桌上游戏之一种：简化的（1）牌类游戏,,,,,,,,,,,,,,,,,,,,,,,,,
                                     （2）棋类游戏,,,,,,,,,,,,,,,,,,,,,,,,,
                                     （3）电脑类游戏,,,,,,,,,,,,,,,,,,,,,,,,,
                                     （4）益智类游戏,,,,,,,,,,,,,,,,,,,,,,,,,
                                     （5）上互联网浏览,,,,,,,,,,,,,,,,,,,,,,,,,
    2  会玩上列桌上游戏之二至三种,,,,,,,,,,,,,,,,,,,,,,,,,
    3  会玩上列桌上游戏之四种以上,,,,,,,,,,,,,,,,,,,,,,,,,
7.5.8  观赏影视,,,,,,,,,,,,,,,,,,,,,,,,,
    0  无法观赏影视或无兴趣,,,,,,,,,,,,,,,,,,,,,,,,,
    1  对观赏电视节目或电影等有兴趣,,,,,,,,,,,,,,,,,,,,,,,,,
    2  能自己操作电视、录影机、VCD等,,,,,,,,,,,,,,,,,,,,,,,,,
    3  能自己计划观赏想看之电影、电视、录影带节目等,,,,,,,,,,,,,,,,,,,,,,,,,
7.5.9  写作,,,,,,,,,,,,,,,,,,,,,,,,,
    0  不会写或对写无兴趣,,,,,,,,,,,,,,,,,,,,,,,,,
    1  能对任何写的活动有兴趣或专心,,,,,,,,,,,,,,,,,,,,,,,,,
    2  能在指示下写日记或信（或电脑输入）,,,,,,,,,,,,,,,,,,,,,,,,,
    3  能有写日记或信之习惯（或电脑输入）,,,,,,,,,,,,,,,,,,,,,,,,,
7.6    身心健康,,,,,,,,,,,,,,,,,,,,,,,,,
7.6.1  生理健康,,,,,,,,,,,,,,,,,,,,,,,,,
    0  身体病弱或做出有害健康之行为,,,,,,,,,,,,,,,,,,,,,,,,,
    1  在大人照顾下能维持生理健康,,,,,,,,,,,,,,,,,,,,,,,,,
    2  能适当表达自己之生理需求,,,,,,,,,,,,,,,,,,,,,,,,,
3  能注意自己身体，避免感染疾病,,,,,,,,,,,,,,,,,,,,,,,,,
7.6.2  心理健康,,,,,,,,,,,,,,,,,,,,,,,,,
    0  情绪极不稳定或不易察觉其心理感受,,,,,,,,,,,,,,,,,,,,,,,,,
    1  需要大量之关注才能维持情绪稳定,,,,,,,,,,,,,,,,,,,,,,,,,
    2  能适当表达自己之心理需求,,,,,,,,,,,,,,,,,,,,,,,,,
3  以控制情绪、礼貌、平静态度，与人互,,,,,,,,,,,,,,,,,,,,,,,,,
动、适应环境，没有异常行为,,,,,,,,,,,,,,,,,,,,,,,,,
7.6.3  适当的性行为,,,,,,,,,,,,,,,,,,,,,,,,,
    0  有异常之性行为，如当众自慰、暴露等,,,,,,,,,,,,,,,,,,,,,,,,,
    1  虽对性器官无任何认识，亦无任何异常性行为,,,,,,,,,,,,,,,,,,,,,,,,,
    2  能大致了解性器官之构造与功能,,,,,,,,,,,,,,,,,,,,,,,,,
3  有基本之性常识，能在适当之情境，以适当之,,,,,,,,,,,,,,,,,,,,,,,,,
方式处理自己之性需求,,,,,,,,,,,,,,,,,,,,,,,,,
7.7    安全,,,,,,,,,,,,,,,,,,,,,,,,,
7.7.1  交通安全,,,,,,,,,,,,,,,,,,,,,,,,,
    0  需给予全力协助才能获得交通安全,,,,,,,,,,,,,,,,,,,,,,,,,
    1  在提示下才能获得交通安全,,,,,,,,,,,,,,,,,,,,,,,,,
    2  在每日例行的交通中能注意安全,,,,,,,,,,,,,,,,,,,,,,,,,
    3  当在车上或路上时，能随时注意安全,,,,,,,,,,,,,,,,,,,,,,,,,
7.7.2  电器安全,,,,,,,,,,,,,,,,,,,,,,,,,
    0  无法使用电器,,,,,,,,,,,,,,,,,,,,,,,,,
    1  能在指示下使用电器,,,,,,,,,,,,,,,,,,,,,,,,,
    2  能安全、适当地使用几种电器,,,,,,,,,,,,,,,,,,,,,,,,,
    3  能安全、适当地使用大多数电器,,,,,,,,,,,,,,,,,,,,,,,,,
7.7.3  用火安全,,,,,,,,,,,,,,,,,,,,,,,,,
    0  对火没有任何概念,,,,,,,,,,,,,,,,,,,,,,,,,
    1  能避免玩火、靠近火源,,,,,,,,,,,,,,,,,,,,,,,,,
    2  能在监督下使用瓦斯、火柴等,,,,,,,,,,,,,,,,,,,,,,,,,
    3  能正确使用瓦斯、火柴等，并能说出火灾时之处理方法,,,,,,,,,,,,,,,,,,,,,,,,,
7.7.4  药剂安全,,,,,,,,,,,,,,,,,,,,,,,,,
    0  对用药无任何概念,,,,,,,,,,,,,,,,,,,,,,,,,
    1  能避免玩弄、滥用药物,,,,,,,,,,,,,,,,,,,,,,,,,
    2  能在监督下正确使用药物,,,,,,,,,,,,,,,,,,,,,,,,,
3  能依规定之方式服用／使用／贮存药物,,,,,,,,,,,,,,,,,,,,,,,,,
7.7.5  食品安全,,,,,,,,,,,,,,,,,,,,,,,,,
    0  对食品之安全性无任何概念,,,,,,,,,,,,,,,,,,,,,,,,,
    1  能避免食用不新鲜之食品或不可吞食之物品,,,,,,,,,,,,,,,,,,,,,,,,,
    2  能在监督下正确贮存／食用食物,,,,,,,,,,,,,,,,,,,,,,,,,
    3  能以适当方式贮存／食用食物,,,,,,,,,,,,,,,,,,,,,,,,,
7.7.6  提防陌生人,,,,,,,,,,,,,,,,,,,,,,,,,
    0  对熟人／陌生人之反应无甚差异,,,,,,,,,,,,,,,,,,,,,,,,,
    1  能趋近熟人，远离陌生人,,,,,,,,,,,,,,,,,,,,,,,,,
    2  能拒绝陌生人之触摸或赠予,,,,,,,,,,,,,,,,,,,,,,,,,
    3  能以礼貌态度与陌生人应对，并拒绝跟随／听从不当行为,,,,,,,,,,,,,,,,,,,,,,,,,
7.7.7  灾害安全,,,,,,,,,,,,,,,,,,,,,,,,,
    0  无任何灾害之预防或逃避之意识,,,,,,,,,,,,,,,,,,,,,,,,,
    1  无法协助任何灾害之预防或逃避工作，但知害怕,,,,,,,,,,,,,,,,,,,,,,,,,
    2  能在指示下做防灾及避灾之准备,,,,,,,,,,,,,,,,,,,,,,,,,
    3  能做防灾准备并说出地震、空袭等避难程序,,,,,,,,,,,,,,,,,,,,,,,,,
7.8    职前技能,,,,,,,,,,,,,,,,,,,,,,,,,
7.8.1  工作意识,,,,,,,,,,,,,,,,,,,,,,,,,
    0  无任何工作意识,,,,,,,,,,,,,,,,,,,,,,,,,
    1  能说出某种行业之工作性质及内容,,,,,,,,,,,,,,,,,,,,,,,,,
    2  能说出部份行业之工作性质及内容,,,,,,,,,,,,,,,,,,,,,,,,,
    3  能说出常见行业之工作性质及内容,,,,,,,,,,,,,,,,,,,,,,,,,
7.8.2  工作态度,,,,,,,,,,,,,,,,,,,,,,,,,
    0  无工作意愿,,,,,,,,,,,,,,,,,,,,,,,,,
    1  偶而有工作意愿,,,,,,,,,,,,,,,,,,,,,,,,,
    2  大部份时间能专心工作,,,,,,,,,,,,,,,,,,,,,,,,,
    3  能专心完成工作,,,,,,,,,,,,,,,,,,,,,,,,,
7.8.3  工作品质,,,,,,,,,,,,,,,,,,,,,,,,,
    0  无工作能力,,,,,,,,,,,,,,,,,,,,,,,,,
    1  需指示才能正确完成工作,,,,,,,,,,,,,,,,,,,,,,,,,
    2  能完成工作，但速度及正确率较一般人差,,,,,,,,,,,,,,,,,,,,,,,,,
    3  能以与人相当之正确率及速度完成工作,,,,,,,,,,,,,,,,,,,,,,,,,
7.8.4  处理薪资（财物）,,,,,,,,,,,,,,,,,,,,,,,,,
0  无薪资或薪资（财物）全部由别人代为处理,,,,,,,,,,,,,,,,,,,,,,,,,
1  能自己处理部份薪资（财物）,,,,,,,,,,,,,,,,,,,,,,,,,
2  能在监督指示下，订定薪资（财物）使用计划及处理薪资（财物）,,,,,,,,,,,,,,,,,,,,,,,,,
3  能订定薪资（财物）使用计划并依计划处理薪资（财物）,,,,,,,,,,,,,,,,,,,,,,,,,
